ObjectId,the_geom,Crash_Seve,County,Crash_Date,Crash_Year,Crash_Time,Primary_St,Distance,Dir,Secondary_,Weather,Fatalities,Injured,Property_D,Injury_Typ,Crash_Type,Total_Vehi,V1_Type,V1_Dir,V1_Driver_,V1_Lane_Nu,V1_Action,V1_Driver1,V1_Drive_1,V1_Vehicle,V1_Most_Ha,V1_All_Eve,V2_Type,V2_Dir,V2_Driver_,V2_Lane_Nu,V2_Action,V2_Driver1,V2_Drive_1,V2_Vehicle,V2_Most_Ha,V2_All_Eve,First_Harm,Nonmotoris,Factors_Ro,Lighting,HWY_Factor,Agency,Accident_R,Non_Motori,X,Y,Zip_Codes
1,POINT (-115.19901914839849 36.202776968348076),INJURY CRASH,CLARK,10/11/17 0:00,2017,1899/12/30 00:00:00,SMOKE RANCH RD,8,W,SR599,CLEAR,0,1,,C,NON-COLLISION,1,VAN,E,59,0,TURNING RIGHT,APPARENTLY NORMAL,,FAILED TO YIELD RIGHT OF WAY,,PEDESTRIAN,,,0,0,,,,,,,,UNKNOWN,DRY,DAYLIGHT,NONE,LVMPD,2393321,PEDESTRIAN,661909.6967,4007943.04,24092
2,POINT (-115.20583159463216 36.15940641336719),INJURY CRASH,CLARK,7/19/17 0:00,2017,1899/12/30 00:00:00,S DECATUR BLVD,173,N,SR159,RAIN,0,1,,A,NON-COLLISION,1,PICKUP,N,36,3,TURNING LEFT,OTHER IMPROPER DRIVING,,DRIVING TOO FAST FOR CONDITIONS,,PEDESTRIAN,,,0,0,,,,,,,,UNKNOWN,DRY,DAYLIGHT,NONE,LVMPD,2388852,WHEELCHAIR,661386.1617,4003120.391,24111
3,POINT (-115.20623641290015 36.157353287319026),INJURY CRASH,CLARK,4/30/17 0:00,2017,1899/12/30 00:00:00,S DECATUR BLVD,6,E,FAIRCENTER PKWY,CLEAR,0,1,,C,NON-COLLISION,1,"SEDAN, 4 DOOR",W,25,0,TURNING RIGHT,APPARENTLY NORMAL,,UNKNOWN,,PEDESTRIAN,,,0,0,,,,,,,,"FAILURE TO OBEY TRAFFIC SIGNS, SIGNALS, OR OFFICER",DRY,DAYLIGHT,NONE,LVMPD,2375037,PEDESTRIAN,661353.953,4002891.956,24111
4,POINT (-115.1354873244831 36.18829560327867),FATAL CRASH,CLARK,3/28/17 0:00,2017,1899/12/30 00:00:00,N MAIN ST,6,S,OWENS AVE,CLEAR,1,0,,K,NON-COLLISION,1,UTILITY,N,55,2,GOING STRAIGHT,APPARENTLY NORMAL,,,,PEDESTRIAN,,,0,0,,,,,,,,UNKNOWN,DRY,DAYLIGHT,NONE,LVMP,2364636,PEDESTRIAN,667652.7494,4006444.492,24110
5,POINT (-115.21549136608992 36.174127579122676),INJURY CRASH,CLARK,12/19/17 0:00,2017,1899/12/30 00:00:00,US95N,848,S,US95N TO SR596 INT80,CLEAR,0,2,,A,REAR-END,2,STATION WAGON,N,24,0,GOING STRAIGHT,HAD BEEN DRINKING,,EXCEEDED AUTHORIZED SPEED LIMIT: FAILURE TO KEEP IN PROPER LANE OR RUNNING OFF ROAD: UNSAFE LANE CHANGE,,PARKED MOTOR VEHICLE: FIRE/EXPLOSION,FLATBED OR PLATFORM,,0,0,PARKED,,,,,GUARDRAIL FACE,,UNKNOWN,DRY,DARK - SPOT LIGHTING,NONE,NHP,2417532,PEDESTRIAN,660487.149,4004737.454,24115
6,POINT (-115.24105414925059 36.188602464349195),INJURY CRASH,CLARK,1/1/17 0:00,2017,1899/12/30 00:00:00,VEGAS DR,368,E,RAINBOW BLVD,CLOUDY,0,1,,A,NON-COLLISION,1,"SEDAN, 4 DOOR",E,51,2,GOING STRAIGHT,HAD BEEN DRINKING,,,,PEDESTRIAN,,,0,0,,,,,,,,FAILURE TO YIELD RIGHT OF WAY,DRY,DARK - CONTINUOUS LIGHTING,NONE,LVMPD,2354398,PEDESTRIAN,658158.8647,4006301.233,24116
7,POINT (-115.17329305112035 36.158882849337274),INJURY CRASH,CLARK,4/3/17 0:00,2017,1899/12/30 00:00:00,SR159,150,W,RANCHO DR,CLEAR,0,1,,C,NON-COLLISION,1,STATION WAGON,S,84,0,STOPPED,APPARENTLY NORMAL,,UNKNOWN,,PEDESTRIAN,,,0,0,,,,,,,,UNKNOWN,DRY,DAYLIGHT,NONE,LVMPD,2373510,PEDESTRIAN,664314.4107,4003116.902,24111
8,POINT (-115.20725163580724 36.16285125935738),INJURY CRASH,CLARK,9/14/17 0:00,2017,1899/12/30 00:00:00,EVERGREEN AVE,395,W,S DECATUR BLVD,CLEAR,0,1,,A,NON-COLLISION,1,"SEDAN, 4 DOOR",W,60,1,GOING STRAIGHT,OBSTRUCTED VIEW,,VISIBILITY OBSTRUCTED,,PEDESTRIAN,,,0,0,,,,,,,,IMPROPER CROSSING,DRY,DUSK,GLARE,LVMPD,2391859,PEDESTRIAN,661251.3578,4003500.183,24115
9,POINT (-115.15870247221385 36.19572361588943),INJURY CRASH,CLARK,5/28/17 0:00,2017,1899/12/30 00:00:00,LAKE MEAD BLVD,38,W,LEXINGTON ST,CLEAR,0,1,,A,NON-COLLISION,1,"SEDAN, 4 DOOR",E,21,2,GOING STRAIGHT,APPARENTLY NORMAL,,,,PEDESTRIAN,,,0,0,,,,,,,,IMPROPER CROSSING,DRY,DARK - CONTINUOUS LIGHTING,NONE,LVMPD,2376547,PEDESTRIAN,665549.4324,4007228.646,24114
10,POINT (-115.25093443580376 36.19605422373089),INJURY CRASH,CLARK,12/4/17 0:00,2017,1899/12/30 00:00:00,W LAKE MEAD BLVD,101,E,N TENAYA WAY,CLOUDY,0,1,,B,NON-COLLISION,1,CARRY-ALL,W,37,0,GOING STRAIGHT,APPARENTLY NORMAL,,,,PEDESTRIAN,,,0,0,,,,,,,,DARTING: FAILURE TO YIELD RIGHT OF WAY: IMPROPER CROSSING,DRY,DAYLIGHT,OTHER HIGHWAY,LVMPD,2408342,PEDESTRIAN,657255.4699,4007111.821,24420
11,POINT (-115.06219070792127 36.18511555744627),INJURY CRASH,CLARK,1/5/17 0:00,2017,1899/12/30 00:00:00,E MONROE AVE,0,,SR612,CLEAR,0,1,,B,NON-COLLISION,1,,E,0,0,TURNING RIGHT,,,HIT AND RUN,,PEDESTRIAN,,,0,0,,,,,,,,UNKNOWN,DRY,DAYLIGHT,NONE,LVMPD,2354525,PEDESTRIAN,674251.2151,4006220.891,24118
12,POINT (-115.1654244394788 36.18092811010493),INJURY CRASH,CLARK,6/15/17 0:00,2017,1899/12/30 00:00:00,W WASHINGTON AVE,0,,COMSTOCK DR,CLEAR,0,1,,B,NON-COLLISION,1,UTILITY,E,34,0,GOING STRAIGHT,,,HIT AND RUN: OTHER IMPROPER DRIVING,,PEDESTRIAN,,,0,0,,,,,,,,UNKNOWN,DRY,DAYLIGHT,NONE,LVMPD,2377461,PEDESTRIAN,664976.0444,4005575.846,24114
13,POINT (-115.24834396644 36.196025498116214),FATAL CRASH,CLARK,3/11/17 0:00,2017,1899/12/30 00:00:00,LAKE MEAD BLVD,389,W,ROCK SPRINGS DR,CLEAR,1,0,,K,NON-COLLISION,1,PICKUP,S,60,0,TURNING RIGHT,APPARENTLY NORMAL,,FAILED TO YIELD RIGHT OF WAY,,PEDESTRIAN,,,0,0,,,,,,,,UNKNOWN,DRY,DAYLIGHT,NONE,LVMP,2363773,PEDESTRIAN,657488.4543,4007112.838,24420
14,POINT (-115.2923159287769 36.237321412698414),INJURY CRASH,CLARK,11/14/17 0:00,2017,1899/12/30 00:00:00,SCOTT PEAK CT,0,N,HICKAM AVE,CLEAR,0,1,,B,NON-COLLISION,1,,,0,1,STOPPED,,,HIT AND RUN,,PEDESTRIAN,,,0,0,,,,,,,,LYING AND/OR ILLEGALLY IN ROADWAY,DRY,DARK - CONTINUOUS LIGHTING,NONE,LVMPD,2407313,PEDESTRIAN,653453.9505,4011623.435,24421
15,POINT (-115.24676307221293 36.188644236703176),INJURY CRASH,CLARK,1/12/17 0:00,2017,1899/12/30 00:00:00,VEGAS DR,8,W,ROCK SPRINGS DR,RAIN,0,1,,B,NON-COLLISION,1,CARRY-ALL,S,68,2,TURNING LEFT,APPARENTLY NORMAL,,FAILED TO YIELD RIGHT OF WAY,,PEDESTRIAN,,,0,0,,,,,,,,UNKNOWN,DRY,DUSK,"WEATHER: GLARE: WET, ICY, SNOW, SLUSH",LVMPD,2354892,PEDESTRIAN,657645.4036,4006296.573,24420
16,POINT (-115.13996128208179 36.17029521934662),INJURY CRASH,CLARK,9/21/17 0:00,2017,1899/12/30 00:00:00,LAS VEGAS BLVD,5,N,E OGDEN AVE,CLEAR,0,1,,B,ANGLE,1,"HATCHBACK, 4 DOOR",E,53,1,TURNING LEFT,APPARENTLY NORMAL,,FAILED TO YIELD RIGHT OF WAY,,PEDESTRIAN,,,0,0,,,,,,,,UNKNOWN,DRY,DAYLIGHT,NONE,LVMPD,2392236,PEDESTRIAN,667288.6996,4004439.881,24110
17,POINT (-115.17040245201768 36.14418629348087),INJURY CRASH,CLARK,7/26/17 0:00,2017,1899/12/30 00:00:00,SR589,0,,SR589W/E TO IR15N INT40,CLEAR,0,1,,B,NON-COLLISION,1,"HATCHBACK, 4 DOOR",W,53,0,GOING STRAIGHT,APPARENTLY NORMAL,,,,PEDESTRIAN,,,0,0,,,,,,,,"FAILURE TO OBEY TRAFFIC SIGNS, SIGNALS, OR OFFICER: IMPROPER CROSSING",DRY,DARK - CONTINUOUS LIGHTING,NONE,NHP,2394793,PEDESTRIAN,664605.1733,4001491.44,24117
18,POINT (-115.1220213246475 36.158869105750725),INJURY CRASH,CLARK,8/13/17 0:00,2017,1899/12/30 00:00:00,SR159,217,W,CRESTWOOD AVE,CLEAR,0,1,,A,NON-COLLISION,1,PICKUP,W,43,2,GOING STRAIGHT,APPARENTLY NORMAL,,,,PEDESTRIAN,,,0,0,,,,,,,,IMPROPER CROSSING,DRY,DARK - CONTINUOUS LIGHTING,NONE,LVMPD,2390137,PEDESTRIAN,668926.8906,4003203.392,24110
19,POINT (-115.17261758941775 36.1624940174949),INJURY CRASH,CLARK,10/24/17 0:00,2017,1899/12/30 00:00:00,S RANCHO DR,10,S,PALOMINO LN,CLEAR,0,1,,C,NON-COLLISION,1,VAN,W,53,2,TURNING LEFT,APPARENTLY NORMAL,,FAILED TO YIELD RIGHT OF WAY,,PEDESTRIAN,,,0,0,,,,,,,,UNKNOWN,DRY,DAYLIGHT,NONE,LVMPD,2406048,PEDESTRIAN,664367.634,4003518.65,24114
20,POINT (-115.1518140181574 36.18841441364366),INJURY CRASH,CLARK,10/30/17 0:00,2017,1899/12/30 00:00:00,W OWENS AVE,25,N,H ST,CLEAR,0,1,,B,NON-COLLISION,1,"SEDAN, 4 DOOR",E,20,1,TURNING LEFT,APPARENTLY NORMAL,,UNKNOWN,,PEDESTRIAN,,,0,0,,,,,,,,UNKNOWN,DRY,DUSK,NONE,LVMPD,2406427,PEDESTRIAN,666184.2828,4006429.575,24114
21,POINT (-115.19072149313376 36.142508530949804),INJURY CRASH,CLARK,2/15/17 0:00,2017,1899/12/30 00:00:00,S VALLEY VIEW BLVD,0,,EL CONLON AVE,CLEAR,0,1,,C,NON-COLLISION,1,"SEDAN, 4 DOOR",N,32,0,TURNING LEFT,APPARENTLY NORMAL,,FAILED TO YIELD RIGHT OF WAY,,PEDESTRIAN,,,0,0,,,,,,,,UNKNOWN,DRY,DAYLIGHT,NONE,LVMPD,2362383,PEDESTRIAN,662780.3905,4001271.064,24111
22,POINT (-115.2879564010974 36.218591652009955),INJURY CRASH,CLARK,4/29/17 0:00,2017,1899/12/30 00:00:00,N EL CAPITAN WAY,20,N,CHEYENNE AVE,CLEAR,0,1,,C,REAR-END,1,CARRY-ALL,S,59,1,TURNING RIGHT,APPARENTLY NORMAL,,UNKNOWN,,PEDESTRIAN,,,0,0,,,,,,,,UNKNOWN,DRY,DAYLIGHT,NONE,LVMPD,2374971,PEDESTRIAN,653882.4401,4009552.583,24424
23,POINT (-115.2067258051529 36.1828645661835),INJURY CRASH,CLARK,2/6/17 0:00,2017,1899/12/30 00:00:00,CARMEN BLVD,8,E,N YALE ST,CLOUDY,0,1,,C,NON-COLLISION,1,PICKUP,S,32,1,TURNING LEFT,APPARENTLY NORMAL,,FAILED TO YIELD RIGHT OF WAY,,PEDESTRIAN,,,0,0,,,,,,,,NOT VISIBLE (DARK CLOTHING),DRY,DARK - CONTINUOUS LIGHTING,NONE,LVMPD,2361965,PEDESTRIAN,661257.6322,4005721.221,24116
24,POINT (-115.2622126342729 36.158340826654396),INJURY CRASH,CLARK,5/4/17 0:00,2017,1899/12/30 00:00:00,S BUFFALO DR,220,S,SR159,CLEAR,0,1,,C,BACKING,1,CARRY-ALL,S,24,3,GOING STRAIGHT,APPARENTLY NORMAL,,,,PEDESTRIAN,,,0,0,,,,,,,,FAILURE TO YIELD RIGHT OF WAY,DRY,DARK - SPOT LIGHTING,NONE,LVMPD,2375291,PEDESTRIAN,656316.2966,4002909.913,24121
25,POINT (-115.17534641077236 36.176924464730476),FATAL CRASH,CLARK,9/8/17 0:00,2017,1899/12/30 00:00:00,SR599,120,S,W BONANZA RD,RAIN,1,0,,K,NON-COLLISION,1,VAN,S,70,1,GOING STRAIGHT,APPARENTLY NORMAL,,,,PEDESTRIAN,,,0,0,,,,,,,,UNKNOWN: IMPROPER CROSSING,DRY,DARK - SPOT LIGHTING,WEATHER,NHP,2397409,PEDESTRIAN,664092.0612,4005114.874,24114
26,POINT (-115.30111119856811 36.14441291866881),INJURY CRASH,CLARK,3/4/17 0:00,2017,1899/12/30 00:00:00,SAHARA AVE,1015,W,FORT APACHE RD,CLEAR,0,1,,B,NON-COLLISION,1,"SEDAN, 4 DOOR",W,21,1,GOING STRAIGHT,APPARENTLY NORMAL,,,,PEDESTRIAN,,,0,0,,,,,,,,DARTING: IMPROPER CROSSING,DRY,DARK - CONTINUOUS LIGHTING,NONE,LVMPD,2363382,PEDESTRIAN,652844.0348,4001302.918,24121
27,POINT (-115.2914191130577 36.15904417413697),INJURY CRASH,CLARK,1/30/17 0:00,2017,1899/12/30 00:00:00,RAMPART BLVD,5,N,SR159,CLEAR,0,2,,C,ANGLE,1,"SEDAN, 4 DOOR",N,55,2,TURNING RIGHT,APPARENTLY NORMAL,,FAILED TO YIELD RIGHT OF WAY,,PEDESTRIAN,,,0,0,,,,,,,,UNKNOWN,DRY,DUSK,NONE,LVMPD,2355821,PEDESTRIAN,653687.5209,4002941.3,24121
28,POINT (-115.3184786578835 36.15899267642361),INJURY CRASH,CLARK,10/30/17 0:00,2017,1899/12/30 00:00:00,SR159,0,,INDIGO DR,CLEAR,0,1,,A,NON-COLLISION,1,CARRY-ALL,S,45,0,TURNING RIGHT,APPARENTLY NORMAL,,FAILED TO YIELD RIGHT OF WAY,,PEDESTRIAN,,,0,0,,,,,,,,UNKNOWN,DRY,DAYLIGHT,NONE,LVMPD,2406406,PEDESTRIAN,651253.3873,4002893.084,24425
29,POINT (-115.34601754678081 36.1639351786807),INJURY CRASH,CLARK,5/17/17 0:00,2017,1899/12/30 00:00:00,LA SCONSA DR,0,,VELICATA CT,CLEAR,0,1,,B,NON-COLLISION,1,CARRY-ALL,W,44,0,TURNING LEFT,OBSTRUCTED VIEW,,FAILED TO YIELD RIGHT OF WAY: VISIBILITY OBSTRUCTED,,PEDESTRIAN,,,0,0,,,,,,,,UNKNOWN,DRY,DAYLIGHT,NONE,LVMPD,2375984,PEDESTRIAN,648766.701,4003398.806,24426
30,POINT (-115.15413155066015 36.195668075536204),INJURY CRASH,CLARK,6/29/17 0:00,2017,1899/12/30 00:00:00,LAKE MEAD BLVD,10,W,LA SALLE ST,CLEAR,0,1,,B,NON-COLLISION,1,"SEDAN, 4 DOOR",W,69,2,GOING STRAIGHT,HAD BEEN DRINKING,,FAILED TO YIELD RIGHT OF WAY: HIT AND RUN,,,,,0,0,,,,,,,,UNKNOWN,DRY,DAYLIGHT,NONE,LVMPD,2378134,PEDESTRIAN,665960.5605,4007230.297,24114
31,POINT (-115.15849036061029 36.16926034177038),INJURY CRASH,CLARK,11/11/17 0:00,2017,1899/12/30 00:00:00,IR15N,50,S,IR15 NB TO GO US95 SB,CLEAR,0,1,,B,REAR-END,2,"SEDAN, 4 DOOR",N,25,5,GOING STRAIGHT,APPARENTLY NORMAL,,OTHER IMPROPER DRIVING,,SLOW/STOPPED VEHICLE,CARRY-ALL,N,18,5,STOPPED,OTHER IMPROPER DRIVING,,OBJECT AVOIDANCE,,PEDESTRIAN,,DARTING: LYING AND/OR ILLEGALLY IN ROADWAY,DRY,DARK - SPOT LIGHTING,OTHER HIGHWAY,NHP,2415114,PEDESTRIAN,665624.228,4004293.291,24114
32,POINT (-115.10047091017489 36.16617620211894),INJURY CRASH,CLARK,8/18/17 0:00,2017,1899/12/30 00:00:00,STEWART AVE,670,W,N PECOS RD,CLEAR,0,1,,B,NON-COLLISION,1,CARRY-ALL,S,42,0,TURNING RIGHT,APPARENTLY NORMAL,,,,PEDESTRIAN,,,0,0,,,,,,,,WRONG SIDE OF ROAD: DARTING: FAILURE TO YIELD RIGHT OF WAY,DRY,DUSK,NONE,NLPD,2399693,SKATER,670849.7339,4004051.736,24110
33,POINT (-115.24335735493565 36.15242355960056),INJURY CRASH,CLARK,11/4/17 0:00,2017,1899/12/30 00:00:00,SR595,295,N,W OAKEY BLVD,CLEAR,0,1,,C,NON-COLLISION,1,"SEDAN, 4 DOOR",N,30,0,TURNING RIGHT,,,MADE AN IMPROPER TURN: HIT AND RUN,,PEDESTRIAN,,,0,0,,,,,,,,UNKNOWN,DRY,DAYLIGHT,NONE,LVMPD,2406718,SKATER,658024.3934,4002284.019,24758
34,POINT (-115.13488770452444 36.1667630447998),INJURY CRASH,CLARK,2/21/17 0:00,2017,1899/12/30 00:00:00,SR582,0,,S 10TH ST,CLEAR,0,1,,C,NON-COLLISION,1,,E,0,0,GOING STRAIGHT,,,FAILED TO YIELD RIGHT OF WAY: HIT AND RUN,,PEDESTRIAN,,,0,0,,,,,,,,UNKNOWN,DRY,DARK - CONTINUOUS LIGHTING,NONE,LVMPD,2362757,PEDESTRIAN,667752.5882,4004056.795,24110
35,POINT (-115.06218724019729 36.18838828705357),INJURY CRASH,CLARK,2/24/17 0:00,2017,1899/12/30 00:00:00,SR612,100,S,OWENS AVE,CLEAR,0,1,,B,NON-COLLISION,1,,,0,0,UNKNOWN,,,HIT AND RUN,,,,,0,0,,,,,,,,UNKNOWN,DRY,DAYLIGHT,NONE,LVMPD,2362907,PEDESTRIAN,674244.2742,4006583.965,24118
36,POINT (-115.11886090390207 36.1557246108946),INJURY CRASH,CLARK,4/10/17 0:00,2017,1899/12/30 00:00:00,EASTERN AVE,0,,HOUSTON DR,CLEAR,0,1,,B,NON-COLLISION,1,VAN,E,0,0,TURNING RIGHT,,,FAILED TO YIELD RIGHT OF WAY: HIT AND RUN,,PEDESTRIAN,,,0,0,,,,,,,,UNKNOWN,DRY,DAYLIGHT,NONE,LVMPD,2373893,PEDESTRIAN,669217.9661,4002860.06,24113
37,POINT (-115.22577176141999 36.216848749056986),INJURY CRASH,CLARK,8/12/17 0:00,2017,1899/12/30 00:00:00,SR574,0,,JONES BLVD,CLEAR,0,1,,B,NON-COLLISION,1,PICKUP,W,29,0,GOING STRAIGHT,APPARENTLY NORMAL,,,,PEDESTRIAN,,,0,0,,,,,,,,"FAILURE TO OBEY TRAFFIC SIGNS, SIGNALS, OR OFFICER",DRY,DAYLIGHT,NONE,LVMPD,2390067,PEDESTRIAN,659475.8125,4009459.75,24116
38,POINT (-115.24374346234151 36.15909719238412),INJURY CRASH,CLARK,12/14/17 0:00,2017,1899/12/30 00:00:00,SR159,10,W,SR595,CLEAR,0,1,,A,NON-COLLISION,1,"SEDAN, 4 DOOR",E,48,2,GOING STRAIGHT,APPARENTLY NORMAL,,,,PEDESTRIAN,,,0,0,,,,,,,,FAILURE TO YIELD RIGHT OF WAY: DARTING: IMPROPER CROSSING,DRY,DAYLIGHT,NONE,LVMPD,2408930,PEDESTRIAN,657976.2639,4003023.72,24758
39,POINT (-115.23035957721187 36.159164525246666),INJURY CRASH,CLARK,9/21/17 0:00,2017,1899/12/30 00:00:00,SR159,0,,COMMUNITY COLLEGE DR,CLEAR,0,1,,B,NON-COLLISION,1,"SEDAN, 4 DOOR",W,27,3,GOING STRAIGHT,APPARENTLY NORMAL,,,,PEDESTRIAN,,,0,0,,,,,,,,"IMPROPER CROSSING: INATTENTIVE (TALKING, EATING, ETC.)",DRY,DARK - CONTINUOUS LIGHTING,NONE,LVMPD,2392286,PEDESTRIAN,659180.1326,4003053.055,24758
40,POINT (-115.29688053645297 36.29183968998073),INJURY CRASH,CLARK,10/23/17 0:00,2017,1899/12/30 00:00:00,ELKHORN RD,10,E,N FORT APACHE RD,CLEAR,0,1,,B,NON-COLLISION,1,PICKUP,E,28,2,GOING STRAIGHT,APPARENTLY NORMAL,,FAILED TO YIELD RIGHT OF WAY,,PEDESTRIAN,,,0,0,,,,,,,,UNKNOWN,DRY,DAYLIGHT,NONE,LVMPD,2405962,PEDESTRIAN,652937.3626,4017664.166,24761
41,POINT (-115.20090158735869 36.18102733161315),INJURY CRASH,CLARK,1/19/17 0:00,2017,1899/12/30 00:00:00,W WASHINGTON AVE,350,W,HOGAN DR,CLEAR,0,1,,B,NON-COLLISION,1,SEDAN,W,18,1,GOING STRAIGHT,APPARENTLY NORMAL,,,,PEDESTRIAN,,,0,0,,,,,,,,IMPROPER CROSSING,DRY,DARK - SPOT LIGHTING,NONE,LVMPD,2355286,PEDESTRIAN,661785.1986,4005527.106,24115
42,POINT (-115.22646366536307 36.195772710516174),INJURY CRASH,CLARK,12/2/17 0:00,2017,1899/12/30 00:00:00,W LAKE MEAD BLVD,7,E,SAN SIMEON ST,CLEAR,0,1,,B,NON-COLLISION,1,"SEDAN, 4 DOOR",W,29,3,GOING STRAIGHT,APPARENTLY NORMAL,,,,PEDESTRIAN,,,0,0,,,,,,,,IMPROPER CROSSING: DARTING,DRY,DARK - NO LIGHTING,NONE,LVMPD,2408268,PEDESTRIAN,659456.3787,4007120.549,24116
43,POINT (-115.25377399252103 36.18133579849379),INJURY CRASH,CLARK,9/3/17 0:00,2017,1899/12/30 00:00:00,W WASHINGTON AVE,4,E,TRANSOM DR,CLOUDY,0,1,,B,NON-COLLISION,1,"SEDAN, 4 DOOR",W,43,2,GOING STRAIGHT,APPARENTLY NORMAL,,UNKNOWN,,PEDESTRIAN,,,0,0,,,,,,,,DARTING,DRY,DARK - SPOT LIGHTING,NONE,LVMPD,2391281,PEDESTRIAN,657029.5375,4005474.449,24420
44,POINT (-115.17275991238795 36.158873527393254),INJURY CRASH,CLARK,10/27/17 0:00,2017,1899/12/30 00:00:00,SR159,6,E,S RANCHO DR,CLEAR,0,1,,C,NON-COLLISION,1,,N,0,3,TURNING RIGHT,,,FAILED TO YIELD RIGHT OF WAY: HIT AND RUN,,PEDESTRIAN,,,0,0,,,,,,,,UNKNOWN,DRY,DAYLIGHT,NONE,LVMPD,2406264,PEDESTRIAN,664362.3916,4003116.77,24111
45,POINT (-115.2422718477275 36.21628980917074),INJURY CRASH,CLARK,11/26/17 0:00,2017,1899/12/30 00:00:00,N RAINBOW BLVD,695,S,CHEYENNE COMMONS,CLEAR,0,1,,B,NON-COLLISION,1,"SEDAN, 4 DOOR",S,46,0,TURNING LEFT,APPARENTLY NORMAL,,FAILED TO YIELD RIGHT OF WAY,,PEDESTRIAN,,,0,0,,,,,,,,UNKNOWN,DRY,DAYLIGHT,GLARE,LVMPD,2407912,WHEELCHAIR,657993.6906,4009370.724,24116
46,POINT (-115.23713166752691 36.15913806926985),FATAL CRASH,CLARK,7/27/17 0:00,2017,1899/12/30 00:00:00,SR159,29,W,SCHOLL DR,CLEAR,1,0,,K,NON-COLLISION,1,PICKUP,E,39,2,GOING STRAIGHT,DRUG INVOLVEMENT,,FAILED TO YIELD RIGHT OF WAY: HIT AND RUN,,PEDESTRIAN,,,0,0,,,,,,,,UNKNOWN,DRY,DARK - CONTINUOUS LIGHTING,NONE,LVMP,2389276,PEDESTRIAN,658570.9736,4003039.035,24758
47,POINT (-115.22383413292833 36.19851128960661),INJURY CRASH,CLARK,5/12/17 0:00,2017,1899/12/30 00:00:00,SR596,3,S,EUGENE AVE,CLEAR,0,1,,A,NON-COLLISION,1,PICKUP,S,62,2,GOING STRAIGHT,APPARENTLY NORMAL,,FAILED TO YIELD RIGHT OF WAY,,PEDESTRIAN,,,0,0,,,,,,,,UNKNOWN,DRY,DAYLIGHT,NONE,LVMPD,2375729,PEDESTRIAN,659687.2561,4007428.679,24116
48,POINT (-115.1404777100664 36.16915399284663),INJURY CRASH,CLARK,12/23/17 0:00,2017,1899/12/30 00:00:00,FREMONT ST,60,E,S LAS VEGAS BLVD,CLEAR,0,1,,C,NON-COLLISION,2,"HATCHBACK, 4 DOOR",E,0,0,LEAVING PARK POSITION,,,HIT AND RUN,,PEDESTRIAN,"SEDAN, 4 DOOR",E,59,0,GOING STRAIGHT,APPARENTLY NORMAL,,,,PEDESTRIAN,,LYING AND/OR ILLEGALLY IN ROADWAY,DRY,DARK - CONTINUOUS LIGHTING,NONE,LVMPD,2409474,PEDESTRIAN,667244.6738,4004312.388,24110
49,POINT (-115.20032549116695 36.18103613774994),INJURY CRASH,CLARK,6/17/17 0:00,2017,1899/12/30 00:00:00,W WASHINGTON AVE,180,W,HOGAN DR,,0,2,,C,ANGLE,2,"SEDAN, 4 DOOR",W,31,0,GOING STRAIGHT,HAD BEEN DRINKING,,FAILURE TO KEEP IN PROPER LANE OR RUNNING OFF ROAD: UNSAFE LANE CHANGE: OBJECT AVOIDANCE,,PARKED MOTOR VEHICLE,CARRY-ALL,,0,0,PARKED,,,,,,,UNKNOWN,,DARK - SPOT LIGHTING,NONE,LVMPD,2377580,PEDESTRIAN,661836.9916,4005529.043,24115
50,POINT (-115.20314257556113 36.159058420093466),INJURY CRASH,CLARK,3/28/17 0:00,2017,1899/12/30 00:00:00,SR159,550,W,ESSEX EAST DR,CLEAR,0,1,,C,"SIDESWIPE, OVERTAKING",1,VAN,E,33,3,GOING STRAIGHT,APPARENTLY NORMAL,,HIT AND RUN,,PEDESTRIAN,,,0,0,,,,,,,,DARTING,DRY,DARK - CONTINUOUS LIGHTING,NONE,LVMPD,2373270,PEDESTRIAN,661628.7789,4003086.261,24111
51,POINT (-115.13885815114128 36.17198174167211),INJURY CRASH,CLARK,8/5/17 0:00,2017,1899/12/30 00:00:00,LAS VEGAS BLVD,220,N,STEWART AVE,CLOUDY,0,1,,B,NON-COLLISION,1,BUS,N,55,2,GOING STRAIGHT,APPARENTLY NORMAL,,UNKNOWN,,PEDESTRIAN,,,0,0,,,,,,,,LYING AND/OR ILLEGALLY IN ROADWAY,DRY,DARK - CONTINUOUS LIGHTING,NONE,LVMPD,2389694,PEDESTRIAN,667384.3358,4004628.878,24110
52,POINT (-115.25765367749496 36.16843891794581),INJURY CRASH,CLARK,9/29/17 0:00,2017,1899/12/30 00:00:00,BAGDAD CT,50,W,ANALISA LN,CLEAR,0,1,,B,NON-COLLISION,1,PICKUP,W,29,1,GOING STRAIGHT,APPARENTLY NORMAL,,,,PEDESTRIAN,,,0,0,,,,,,,,NOT VISIBLE (DARK CLOTHING),DRY,DUSK,GLARE,LVMPD,2392749,PEDESTRIAN,656706.3116,4004037.48,24757
53,POINT (-115.13700003398999 36.15156014929116),INJURY CRASH,CLARK,12/7/17 0:00,2017,1899/12/30 00:00:00,S MARYLAND PKWY,0,,E OAKEY BLVD,CLEAR,0,1,,C,NON-COLLISION,1,,S,0,0,TURNING LEFT,,,HIT AND RUN,,PEDESTRIAN,,,0,0,,,,,,,,UNKNOWN,DRY,DARK - CONTINUOUS LIGHTING,NONE,LVMPD,2408560,SKATER,667594.9478,4002366.604,24113
54,POINT (-115.20601452670434 36.193738161439256),INJURY CRASH,CLARK,5/26/17 0:00,2017,1899/12/30 00:00:00,N DECATUR BLVD,86,S,CONCORD VILLAGE DR,CLEAR,0,1,,A,NON-COLLISION,1,,S,0,2,GOING STRAIGHT,,,HIT AND RUN,,PEDESTRIAN,,,0,0,,,,,,,,IMPROPER CROSSING,DRY,DARK - CONTINUOUS LIGHTING,NONE,LVMPD,2376463,PEDESTRIAN,661299.2915,4006928.663,24116
55,POINT (-115.2878346407371 36.284342481609436),INJURY CRASH,CLARK,9/16/17 0:00,2017,1899/12/30 00:00:00,N DURANGO DR,26,S,W DEER SPRINGS WAY,CLEAR,0,1,,A,NON-COLLISION,1,"SEDAN, 2 DOOR",N,55,2,GOING STRAIGHT,APPARENTLY NORMAL,,,,PEDESTRIAN,,,0,0,,,,,,,,IMPROPER CROSSING,DRY,DARK - CONTINUOUS LIGHTING,,NHP,2397818,PEDESTRIAN,653764.4562,4016846.799,24761
56,POINT (-115.16082505587173 36.19570487164506),INJURY CRASH,CLARK,7/19/17 0:00,2017,1899/12/30 00:00:00,LAKE MEAD BLVD,11,W,MARTIN L KING BLVD,CLEAR,0,1,,B,NON-COLLISION,1,"SEDAN, 4 DOOR",E,74,0,TURNING RIGHT,OTHER IMPROPER DRIVING,,FAILED TO YIELD RIGHT OF WAY,,PEDESTRIAN,,,0,0,,,,,,,,UNKNOWN,DRY,DUSK,NONE,LVMPD,2388882,PEDESTRIAN,665358.6122,4007222.946,24114
57,POINT (-115.12829181742116 36.17401589211351),INJURY CRASH,CLARK,4/4/17 0:00,2017,1899/12/30 00:00:00,E BONANZA RD,27,W,N 14TH ST,CLOUDY,0,3,,B,"SIDESWIPE, OVERTAKING",2,CARRY-ALL,E,36,2,GOING STRAIGHT,APPARENTLY NORMAL,,EXCEEDED AUTHORIZED SPEED LIMIT,,RAN OFF ROAD RIGHT,CARRY-ALL,E,54,2,CHANGING LANES,APPARENTLY NORMAL,,,,RAN OFF ROAD RIGHT: FENCE/WALL: PEDESTRIAN,,UNKNOWN,DRY,DAYLIGHT,NONE,LVMPD,2373549,PEDESTRIAN,668330.3841,4004872.818,24110
58,POINT (-115.27895705017578 36.140990312790464),INJURY CRASH,CLARK,1/11/17 0:00,2017,1899/12/30 00:00:00,S DURANGO DR,250,N,ELDORA AVE,CLEAR,0,1,,C,NON-COLLISION,1,"SEDAN, 4 DOOR",W,37,2,TURNING RIGHT,APPARENTLY NORMAL,,FAILED TO YIELD RIGHT OF WAY,,PEDESTRIAN,,,0,0,,,,,,,,UNKNOWN,DRY,DAYLIGHT,NONE,LVMPD,2354804,PEDESTRIAN,654844.0898,4000958.339,24121
59,POINT (-115.27844678346582 36.185461683641336),INJURY CRASH,CLARK,10/18/17 0:00,2017,1899/12/30 00:00:00,N DURANGO DR,164,N,DURANGO DUNES AVE,CLEAR,0,1,,B,REAR-END,3,"SEDAN, 4 DOOR",N,47,1,GOING STRAIGHT,INATTENTION/DISTRACTED: HAD BEEN DRINKING,CELL PHONE,DRIVING TOO FAST FOR CONDITIONS: OTHER IMPROPER DRIVING,,PARKED MOTOR VEHICLE: PEDESTRIAN,MOTORCYCLE,,0,1,DRIVERLESS-MOVING VEHICLE,,,,,,,UNKNOWN,DRY,DARK - CONTINUOUS LIGHTING,NONE,LVMPD,2405725,PEDESTRIAN,654802.5074,4005892.494,24420
60,POINT (-115.19054331940465 36.137979642283305),INJURY CRASH,CLARK,6/14/17 0:00,2017,1899/12/30 00:00:00,S VALLEY VIEW BLVD,40,S,SILVER DOLLAR AVE,CLEAR,0,1,,C,ANGLE,1,"SEDAN, 4 DOOR",S,36,1,GOING STRAIGHT,APPARENTLY NORMAL,,FAILED TO YIELD RIGHT OF WAY,,PEDESTRIAN,,,0,0,,,,,,,,UNKNOWN,DRY,DARK - CONTINUOUS LIGHTING,NONE,LVMPD,2377403,PEDESTRIAN,662805.7831,4000768.954,24111
61,POINT (-115.28742543387354 36.33031248335476),INJURY CRASH,CLARK,9/23/17 0:00,2017,1899/12/30 00:00:00,RUSTON RD,50,S,N EL CAPITAN WAY,CLEAR,0,1,,C,NON-COLLISION,1,PICKUP,,0,0,NOT REPORTED,,,,,PEDESTRIAN,,,0,0,,,,,,,,UNKNOWN,DRY,DARK - NO LIGHTING,,LVMPD,2392394,PEDESTRIAN,653710.9256,4021947.144,24430
62,POINT (-115.24599439323087 36.26313165369929),INJURY CRASH,CLARK,12/20/17 0:00,2017,1899/12/30 00:00:00,BLOOMING ST,5,S,W ANN RD,CLEAR,0,1,,B,NON-COLLISION,1,CARRY-ALL,N,59,1,TURNING RIGHT,APPARENTLY NORMAL,,FAILED TO YIELD RIGHT OF WAY,,PEDESTRIAN,,,0,0,,,,,,,,UNKNOWN,DRY,DAYLIGHT,NONE,LVMPD,2409266,PEDESTRIAN,657564.9861,4014561.056,24422
63,POINT (-115.2880155964545 36.22047321164417),INJURY CRASH,CLARK,11/22/17 0:00,2017,1899/12/30 00:00:00,N EL CAPITAN WAY,0,,CHENIN AVE,CLEAR,0,1,,B,NON-COLLISION,1,"SEDAN, 4 DOOR",N,70,0,TURNING LEFT,APPARENTLY NORMAL,,UNKNOWN,,PEDESTRIAN,,,0,0,,,,,,,,UNKNOWN,DRY,DARK - CONTINUOUS LIGHTING,NONE,LVMPD,2407758,PEDESTRIAN,653873.4327,4009761.218,24421
64,POINT (-115.14358685565082 36.16920191947598),INJURY CRASH,CLARK,3/26/17 0:00,2017,1899/12/30 00:00:00,S 3RD ST,113,N,CARSON AVE,CLEAR,0,1,,C,NON-COLLISION,1,"HATCHBACK, 4 DOOR",E,43,1,BACKING UP,APPARENTLY NORMAL,,UNSAFE BACKING,,PEDESTRIAN,,,0,0,,,,,,,,OTHER,DRY,DARK - CONTINUOUS LIGHTING,NONE,LVMPD,2373244,PEDESTRIAN,666964.9068,4004312.35,24110
65,POINT (-115.07068861953788 36.177492108300456),INJURY CRASH,CLARK,12/1/17 0:00,2017,1899/12/30 00:00:00,HARRIS AVE,100,E,MARION DR,CLEAR,0,1,,B,NON-COLLISION,1,"HATCHBACK, 4 DOOR",E,40,1,GOING STRAIGHT,APPARENTLY NORMAL,,FAILED TO YIELD RIGHT OF WAY,,PEDESTRIAN,,,0,0,,,,,,,,UNKNOWN,DRY,DAYLIGHT,GLARE,LVMPD,2408173,PEDESTRIAN,673503.7977,4005359.934,24118
66,POINT (-115.29495716552681 36.14433074621628),INJURY CRASH,CLARK,8/11/17 0:00,2017,1899/12/30 00:00:00,SAHARA AVE,800,E,FORT APACHE RD,CLEAR,0,1,,B,NON-COLLISION,1,COUPE,N,77,0,TURNING RIGHT,APPARENTLY NORMAL,,FAILED TO YIELD RIGHT OF WAY,,PEDESTRIAN,,,0,0,,,,,,,,UNKNOWN,DRY,DAYLIGHT,NONE,LVMPD,2390007,PEDESTRIAN,653397.9052,4001303.507,24121
67,POINT (-115.18053289014401 36.17567418773677),INJURY CRASH,CLARK,2/4/17 0:00,2017,1899/12/30 00:00:00,AUSTIN AVE,200,E,WILDROSE ST,CLEAR,0,1,,C,NON-COLLISION,1,PICKUP,E,47,1,GOING STRAIGHT,,,,,PEDESTRIAN,,,0,0,,,,,,,,NOT VISIBLE (DARK CLOTHING),DRY,DAYLIGHT,NONE,LVMPD,2361930,PEDESTRIAN,663628.191,4004967.415,24114
68,POINT (-115.24978841032899 36.208594840059455),INJURY CRASH,CLARK,9/8/17 0:00,2017,1899/12/30 00:00:00,N TENAYA WAY,0,,BOX CANYON DR,CLEAR,0,1,,C,NON-COLLISION,1,SEDAN,W,67,0,TURNING LEFT,APPARENTLY NORMAL,,,,PEDAL CYCLE,,,0,0,,,,,,,,"FAILURE TO OBEY TRAFFIC SIGNS, SIGNALS, OR OFFICER",DRY,DAYLIGHT,NONE,LVMPD,2391524,PEDESTRIAN,657333.409,4008504.863,24420
69,POINT (-115.17945127968791 36.18108595400511),INJURY CRASH,CLARK,8/3/17 0:00,2017,1899/12/30 00:00:00,W WASHINGTON AVE,80,W,SR599,CLEAR,0,1,,A,NON-COLLISION,1,CARRY-ALL,E,57,1,GOING STRAIGHT,APPARENTLY NORMAL,,,,PEDESTRIAN,,,0,0,,,,,,,,DARTING,DRY,DAYLIGHT,NONE,LVMPD,2389600,PEDESTRIAN,663714.208,4005569.594,24115
70,POINT (-115.1493065163295 36.15887253756709),INJURY CRASH,CLARK,1/20/17 0:00,2017,1899/12/30 00:00:00,SR159,116,W,S 4TH ST,CLOUDY,0,1,,A,NON-COLLISION,1,CARRY-ALL,W,49,2,GOING STRAIGHT,APPARENTLY NORMAL,,,,PEDESTRIAN,,,0,0,,,,,,,,LYING AND/OR ILLEGALLY IN ROADWAY,DRY,DAWN,NONE,LVMPD,2355305,PEDESTRIAN,666472.2776,4003156.63,24113
71,POINT (-115.24300026538195 36.14570821483728),INJURY CRASH,CLARK,3/3/17 0:00,2017,1899/12/30 00:00:00,SR595,620,N,SAHARA AVE,CLEAR,0,1,,C,NON-COLLISION,1,"SEDAN, 4 DOOR",S,50,0,TURNING LEFT,APPARENTLY NORMAL,,FAILED TO YIELD RIGHT OF WAY,,PEDESTRIAN,,,0,0,,,,,,,,UNKNOWN,DRY,DARK - CONTINUOUS LIGHTING,NONE,LVMPD,2363326,PEDESTRIAN,658069.9995,4001539.644,24758
72,POINT (-115.13664702398587 36.18118379950731),INJURY CRASH,CLARK,11/4/17 0:00,2017,1899/12/30 00:00:00,SR578,10,E,VETERANS MEMORIAL DR,CLEAR,0,1,,B,NON-COLLISION,1,PICKUP,W,0,1,GOING STRAIGHT,,,HIT AND RUN,,PEDESTRIAN,,,0,0,,,,,,,,LYING AND/OR ILLEGALLY IN ROADWAY,DRY,DARK - SPOT LIGHTING,NONE,LVMPD,2406740,PEDESTRIAN,667563.6143,4005653.533,24110
73,POINT (-115.26230884722455 36.15911587712699),INJURY CRASH,CLARK,10/28/17 0:00,2017,1899/12/30 00:00:00,SR159,9,W,S BUFFALO DR,CLEAR,0,1,,B,NON-COLLISION,1,COUPE,E,29,2,GOING STRAIGHT,APPARENTLY NORMAL,,UNKNOWN,,PEDESTRIAN,,,0,0,,,,,,,,UNKNOWN,DRY,DARK - CONTINUOUS LIGHTING,NONE,LVMPD,2406335,PEDESTRIAN,656306.1023,4002995.737,24121
74,POINT (-115.26640403557953 36.14379837874831),INJURY CRASH,CLARK,2/21/17 0:00,2017,1899/12/30 00:00:00,SAHARA AVE,300,W,MEYERS CT,CLOUDY,0,1,,C,NON-COLLISION,1,CARRY-ALL,W,30,3,GOING STRAIGHT,APPARENTLY NORMAL,,,,PEDESTRIAN,,,0,0,,,,,,,,IMPROPER CROSSING,DRY,DAYLIGHT,NONE,LVMPD,2362735,PEDESTRIAN,655968.0428,4001289.935,24121
75,POINT (-115.26043227234895 36.21823924558856),INJURY CRASH,CLARK,11/25/17 0:00,2017,1899/12/30 00:00:00,W CHEYENNE AVE,0,,BUFFALO DR,CLEAR,0,4,,B,ANGLE,2,"HARDTOP, 4 DOOR",W,89,0,GOING STRAIGHT,APPARENTLY NORMAL,,"DISREGARDED TRAFFIC SIGNS, SIGNALS, ROAD MARKINGS",,,PICKUP,S,23,0,GOING STRAIGHT,APPARENTLY NORMAL,,,,PEDESTRIAN,,UNKNOWN,DRY,DAYLIGHT,NONE,LVMPD,2407862,PEDESTRIAN,656357.3036,4009557.537,24420
76,POINT (-115.09203689912327 36.18492927830929),INJURY CRASH,CLARK,5/13/17 0:00,2017,1899/12/30 00:00:00,SEQUOIA AVE,211,W,STEVENS ST,CLEAR,0,1,,A,ANGLE,1,"SEDAN, 4 DOOR",,0,1,GOING STRAIGHT,,,,,OTHER MOVABLE OBJECT: PEDESTRIAN,,,0,0,,,,,,,,LYING AND/OR ILLEGALLY IN ROADWAY,DRY,DAYLIGHT,NONE,LVMPD,2375769,PEDESTRIAN,671567.4942,4006147.022,24118
77,POINT (-115.14741555784028 36.158864809775835),INJURY CRASH,CLARK,12/26/17 0:00,2017,1899/12/30 00:00:00,S LAS VEGAS BLVD,0,,E CHARLESTON BLVD,CLEAR,0,1,,B,ANGLE,1,"HATCHBACK, 2 DOOR",S,48,2,TURNING RIGHT,OTHER IMPROPER DRIVING,,FAILED TO YIELD RIGHT OF WAY,,PEDESTRIAN,,,0,0,,,,,,,,UNKNOWN,DRY,DARK - CONTINUOUS LIGHTING,NONE,LVMPD,2409577,PEDESTRIAN,666642.4062,4003159.018,24113
78,POINT (-115.11441833650547 36.156936128161696),INJURY CRASH,CLARK,12/29/17 0:00,2017,1899/12/30 00:00:00,SR582S,0,,ATLANTIC ST,CLEAR,0,1,,C,NON-COLLISION,1,SEDAN,S,26,0,TURNING RIGHT,APPARENTLY NORMAL,,FAILED TO YIELD RIGHT OF WAY,,PEDESTRIAN,,,0,0,,,,,,,,UNKNOWN,DRY,DARK - CONTINUOUS LIGHTING,NONE,LVMPD,2409744,PEDESTRIAN,669615.0311,4003002.214,24113
79,POINT (-115.27507537486089 36.15111507366065),INJURY CRASH,CLARK,1/4/17 0:00,2017,1899/12/30 00:00:00,GAGNIER BLVD,75,S,W OAKEY BLVD,CLEAR,0,1,,C,ANGLE,1,"SEDAN, 4 DOOR",S,34,1,GOING STRAIGHT,APPARENTLY NORMAL,,,,,,,0,0,,,,,,,,IMPROPER CROSSING,DRY,DAYLIGHT,NONE,LVMPD,2337592,PEDESTRIAN,655173.4097,4002087.703,24121
80,POINT (-115.24222412268307 36.256055011866486),INJURY CRASH,CLARK,6/30/17 0:00,2017,1899/12/30 00:00:00,RAINBOW BLVD,5,W,RANCHO SANTA FE DR,CLEAR,0,1,,C,ANGLE,1,,E,0,1,TURNING RIGHT,,,FAILED TO YIELD RIGHT OF WAY: HIT AND RUN,,,,,0,0,,,,,,,,UNKNOWN,DRY,DARK - CONTINUOUS LIGHTING,NONE,LVMPD,2378207,PEDESTRIAN,657917.9565,4013782.149,24422
81,POINT (-115.1364501868028 36.15890486149917),INJURY CRASH,CLARK,7/14/17 0:00,2017,1899/12/30 00:00:00,SR159,140,E,MARYLAND PKWY,CLEAR,0,1,,B,NON-COLLISION,1,PALLET,W,71,2,GOING STRAIGHT,APPARENTLY NORMAL,,,,PEDESTRIAN,,,0,0,,,,,,,,IMPROPER CROSSING,DRY,DARK - CONTINUOUS LIGHTING,NONE,LVMPD,2388568,PEDESTRIAN,667628.7767,4003182.343,24110
82,POINT (-115.13970324775575 36.18842396886268),INJURY CRASH,CLARK,3/20/17 0:00,2017,1899/12/30 00:00:00,OWENS AVE,15,E,STOCKER ST,CLEAR,0,1,,B,NON-COLLISION,1,"HARDTOP, 4 DOOR",E,26,1,GOING STRAIGHT,APPARENTLY NORMAL,,FAILED TO YIELD RIGHT OF WAY,,PEDESTRIAN: RAN OFF ROAD RIGHT: FENCE/WALL,,,0,0,,,,,,,,UNKNOWN,DRY,DAYLIGHT,NONE,LVMPD,2364220,WHEELCHAIR,667273.3493,4006451.453,23777
83,POINT (-115.13700572537056 36.147932041848115),INJURY CRASH,CLARK,11/9/17 0:00,2017,1899/12/30 00:00:00,S MARYLAND PKWY,6,S,E ST LOUIS AVE,CLEAR,0,1,,B,ANGLE,1,"SEDAN, 4 DOOR",W,44,0,TURNING LEFT,APPARENTLY NORMAL,,FAILED TO YIELD RIGHT OF WAY,,PEDESTRIAN,,,0,0,,,,,,,,UNKNOWN,DRY,DAYLIGHT,NONE,LVMPD,2407014,PEDESTRIAN,667602.1585,4001964.109,24113
84,POINT (-115.26033862039024 36.196114306993145),INJURY CRASH,CLARK,4/10/17 0:00,2017,1899/12/30 00:00:00,N BUFFALO DR,50,N,LAKE MEAD BLVD,CLEAR,0,1,,C,NON-COLLISION,1,,,0,3,UNKNOWN,,,HIT AND RUN,,,,,0,0,,,,,,,,UNKNOWN,DRY,DAYLIGHT,NONE,LVMPD,2373902,PEDESTRIAN,656409.7569,4007103.279,24420
85,POINT (-115.06217799112142 36.18131394727567),INJURY CRASH,CLARK,7/5/17 0:00,2017,1899/12/30 00:00:00,SR612,10,N,E WASHINGTON AVE,CLEAR,0,1,,A,NON-COLLISION,1,CARRY-ALL,N,26,0,GOING STRAIGHT,APPARENTLY NORMAL,,,,PEDESTRIAN,,,0,0,,,,,,,,"FAILURE TO OBEY TRAFFIC SIGNS, SIGNALS, OR OFFICER",DRY,DARK - CONTINUOUS LIGHTING,NONE,LVMPD,2388270,PEDESTRIAN,674260.7829,4005799.173,24118
86,POINT (-115.25520461976214 36.21821220934864),INJURY CRASH,CLARK,2/26/17 0:00,2017,1899/12/30 00:00:00,CHEYENNE AVE,192,E,N PIONEER WAY,CLEAR,0,1,,A,NON-COLLISION,1,"SEDAN, 4 DOOR",W,40,3,GOING STRAIGHT,APPARENTLY NORMAL,,,,PEDESTRIAN,,,0,0,,,,,,,,IMPROPER CROSSING: DARTING,DRY,DARK - CONTINUOUS LIGHTING,NONE,LVMPD,2362978,PEDESTRIAN,656827.2781,4009562.983,24420
87,POINT (-115.1370769674403 36.14794587540433),INJURY CRASH,CLARK,1/31/17 0:00,2017,1899/12/30 00:00:00,E ST LOUIS AVE,15,S,MARYLAND PKWY,CLEAR,0,1,,C,ANGLE,1,PICKUP,S,69,2,TURNING LEFT,APPARENTLY NORMAL,,OBJECT AVOIDANCE,,PEDESTRIAN,,,0,0,,,,,,,,UNKNOWN,DRY,DAYLIGHT,NONE,LVMPD,2355873,PEDESTRIAN,667595.7192,4001965.521,24113
88,POINT (-115.28322729682179 36.21070150023322),INJURY CRASH,CLARK,9/3/17 0:00,2017,1899/12/30 00:00:00,DEL WEBB BLVD,0,,SUNGOLD DR,CLEAR,0,1,,C,NON-COLLISION,1,CARRY-ALL,S,80,0,TURNING LEFT,APPARENTLY NORMAL,,FAILED TO YIELD RIGHT OF WAY,,PEDESTRIAN,,,0,0,,,,,,,,UNKNOWN,DRY,DAYLIGHT,NONE,LVMPD,2391252,PEDESTRIAN,654323.0412,4008684.817,24424
89,POINT (-115.21937001258219 36.1959420764484),INJURY CRASH,CLARK,11/14/17 0:00,2017,1899/12/30 00:00:00,WINWOOD ST,100,N,W LAKE MEAD BLVD,CLEAR,0,1,,B,NON-COLLISION,1,"SEDAN, 4 DOOR",N,24,1,GOING STRAIGHT,APPARENTLY NORMAL,,,,PEDESTRIAN,,,0,0,,,,,,,,DARTING,DRY,DAYLIGHT,OTHER HIGHWAY,LVMPD,2407295,PEDESTRIAN,660093.8776,4007151.024,24116
90,POINT (-115.06924370216852 36.18486865025433),INJURY CRASH,CLARK,10/8/17 0:00,2017,1899/12/30 00:00:00,E MONROE AVE,10,E,SANDY COVE ST,CLEAR,0,1,,B,NON-COLLISION,1,"SEDAN, 4 DOOR",W,42,1,GOING STRAIGHT,HAD BEEN DRINKING,,,,PEDESTRIAN,,,0,0,,,,,,,,FAILURE TO YIELD RIGHT OF WAY,DRY,DUSK,GLARE,LVMPD,2393211,PEDESTRIAN,673617.4692,4006180.852,24118
91,POINT (-115.0621330759515 36.16479955103074),INJURY CRASH,CLARK,9/29/17 0:00,2017,1899/12/30 00:00:00,SR612,572,S,STEWART AVE,CLOUDY,0,1,,A,NON-COLLISION,1,"SEDAN, 4 DOOR",N,22,1,GOING STRAIGHT,APPARENTLY NORMAL,,,,PEDESTRIAN,,,0,0,,,,,,,,IMPROPER CROSSING,DRY,DARK - CONTINUOUS LIGHTING,NONE,LVMPD,2392753,PEDESTRIAN,674301.4095,4003967.192,24118
92,POINT (-115.11214600055185 36.173814283331275),INJURY CRASH,CLARK,10/27/17 0:00,2017,1899/12/30 00:00:00,MCKNIGHT ST,7,N,E BONANZA RD,CLEAR,0,1,,C,NON-COLLISION,1,PICKUP,S,61,1,TURNING RIGHT,APPARENTLY NORMAL,,FAILED TO YIELD RIGHT OF WAY,,PEDESTRIAN,,,0,0,,,,,,,,UNKNOWN,DRY,DAYLIGHT,NONE,LVMPD,2406255,PEDESTRIAN,669783.0387,4004878.584,24110
93,POINT (-115.29904100217907 36.229862384176016),INJURY CRASH,CLARK,4/6/17 0:00,2017,1899/12/30 00:00:00,W GILMORE AVE,0,,MOUNTAIN WATERS ST,CLEAR,0,1,,C,NON-COLLISION,1,,S,0,0,GOING STRAIGHT,,,HIT AND RUN,,PEDESTRIAN,,,0,0,,,,,,,,FAILURE TO YIELD RIGHT OF WAY: DARTING,DRY,DAYLIGHT,NONE,LVMPD,2373727,PEDESTRIAN,652864.0998,4010785.346,24421
94,POINT (-115.0801320335323 36.184532419719),INJURY CRASH,CLARK,5/18/17 0:00,2017,1899/12/30 00:00:00,LAMB BLVD,3,S,E MONROE AVE,CLEAR,0,1,,B,ANGLE,1,"SEDAN, 4 DOOR",S,45,2,GOING STRAIGHT,INATTENTION/DISTRACTED,UNKNOWN,FAILED TO YIELD RIGHT OF WAY,,PEDESTRIAN,,,0,0,,,,,,,,UNKNOWN,DRY,DAYLIGHT,OTHER HIGHWAY,LVMPD,2375996,PEDESTRIAN,672638.9945,4006124.118,24118
95,POINT (-115.16122168321716 36.19570581135184),FATAL CRASH,CLARK,8/2/17 0:00,2017,1899/12/30 00:00:00,LAKE MEAD BLVD,134,W,MARTIN L KING BLVD,CLOUDY,1,0,,K,NON-COLLISION,1,"SEDAN, 4 DOOR",W,59,2,GOING STRAIGHT,HAD BEEN DRINKING,,EXCEEDED AUTHORIZED SPEED LIMIT,,PEDESTRIAN,,,0,0,,,,,,,,IMPROPER CROSSING: FAILURE TO YIELD RIGHT OF WAY: UNKNOWN,DRY,DARK - CONTINUOUS LIGHTING,NONE,LVMP,2389576,PEDESTRIAN,665322.9461,4007222.374,24114
96,POINT (-115.10949332393238 36.17373614722849),INJURY CRASH,CLARK,12/13/17 0:00,2017,1899/12/30 00:00:00,E BONANZA RD,0,,WARDELLE ST,CLEAR,0,1,,C,ANGLE,1,"SEDAN, 4 DOOR",E,25,0,GOING STRAIGHT,APPARENTLY NORMAL,,FAILED TO YIELD RIGHT OF WAY,,PEDESTRIAN,,,0,0,,,,,,,,UNKNOWN,DRY,DARK - SPOT LIGHTING,NONE,LVMPD,2408906,PEDESTRIAN,670021.8009,4004874.561,24110
97,POINT (-115.2103417266877 36.2705094875202),INJURY CRASH,CLARK,6/20/17 0:00,2017,1899/12/30 00:00:00,SOFT SPRINGS ST,93,S,OCEAN SPRINGS AVE,CLEAR,0,1,,C,ANGLE,2,CARRY-ALL,,0,1,BACKING UP,,,,,PEDESTRIAN: RAN OFF ROAD RIGHT: PARKED MOTOR VEHICLE,"HATCHBACK, 2 DOOR",,0,1,PARKED,,,,,,,"INATTENTIVE (TALKING, EATING, ETC.)",DRY,DARK - SPOT LIGHTING,NONE,LVMPD,2377714,PEDESTRIAN,660752.9037,4015438.131,24422
98,POINT (-115.20809797860463 36.13709862842597),INJURY CRASH,CLARK,3/27/17 0:00,2017,1899/12/30 00:00:00,S DECATUR BLVD,0,,EDNA AVE,CLEAR,0,4,,A,ANGLE,2,"SEDAN, 4 DOOR",S,27,0,GOING STRAIGHT,APPARENTLY NORMAL,,"DISREGARDED TRAFFIC SIGNS, SIGNALS, ROAD MARKINGS",,,PICKUP,N,50,0,TURNING LEFT,APPARENTLY NORMAL,,,,,,UNKNOWN,DRY,DAYLIGHT,NONE,LVMPD,2364587,PEDESTRIAN,661227.9477,4000641.933,24111
99,POINT (-115.18984206925998 36.195634409918796),INJURY CRASH,CLARK,12/2/17 0:00,2017,1899/12/30 00:00:00,TEXAS STAR LN,0,,2101 TEXAS STAR LANE,CLEAR,0,1,,C,ANGLE,1,"SEDAN, 2 DOOR",S,58,0,GOING STRAIGHT,APPARENTLY NORMAL,,OTHER IMPROPER DRIVING,,PEDESTRIAN,,,0,0,,,,,,,,UNKNOWN,DRY,DAWN,GLARE,NLPD,2422279,PEDESTRIAN,662749.5968,4007166.042,24114
100,POINT (-115.20610183163384 36.18502498070092),INJURY CRASH,CLARK,12/8/17 0:00,2017,1899/12/30 00:00:00,N DECATUR BLVD,0,,WESTMORELAND DR,CLEAR,0,2,,B,ANGLE,4,"SEDAN, 4 DOOR",N,0,0,TURNING LEFT,,,FAILED TO YIELD RIGHT OF WAY,,,CARRY-ALL,S,38,0,GOING STRAIGHT,APPARENTLY NORMAL,,UNKNOWN,,PARKED MOTOR VEHICLE,,UNKNOWN,DRY,DAYLIGHT,NONE,LVMPD,2408621,PEDESTRIAN,661309.3162,4005961.924,24116
101,POINT (-115.19073207266896 36.142820341012765),INJURY CRASH,CLARK,12/16/17 0:00,2017,1899/12/30 00:00:00,S VALLEY VIEW BLVD,60,N,EL CONLON AVE,CLEAR,0,1,,B,ANGLE,1,"SEDAN, 4 DOOR",N,75,0,TURNING RIGHT,,,HIT AND RUN,,,,,0,0,,,,,,,,UNKNOWN,DRY,DAYLIGHT,NONE,LVMPD,2409069,PEDESTRIAN,662778.7942,4001305.637,24111
102,POINT (-115.16079057091159 36.1906613408148),INJURY CRASH,CLARK,4/24/17 0:00,2017,1899/12/30 00:00:00,MARTIN L KING BLVD,0,,WYATT AVE,CLEAR,0,1,,C,ANGLE,1,"SEDAN, 2 DOOR",S,30,0,GOING STRAIGHT,APPARENTLY NORMAL,,,,PEDESTRIAN,,,0,0,,,,,,,,FAILURE TO YIELD RIGHT OF WAY,DRY,DAYLIGHT,NONE,LVMPD,2374696,PEDESTRIAN,665372.3225,4006663.497,24114
103,POINT (-115.21509463634723 36.18821547613106),INJURY CRASH,CLARK,12/28/17 0:00,2017,1899/12/30 00:00:00,N MICHAEL WAY,0,,VEGAS DR,CLEAR,0,1,,B,NON-COLLISION,1,PICKUP,S,62,0,TURNING LEFT,APPARENTLY NORMAL,,FAILED TO YIELD RIGHT OF WAY,,PEDESTRIAN,,,0,0,,,,,,,,DARTING,DRY,DAYLIGHT,NONE,LVMPD,2409635,PEDESTRIAN,660494.0811,4006300.943,24116
104,POINT (-115.1364501868028 36.15890486149917),FATAL CRASH,CLARK,7/14/17 0:00,2017,1899/12/30 00:00:00,SR159,140,E,MARYLAND PKWY,CLEAR,1,0,,K,NON-COLLISION,1,PALLET,W,71,2,GOING STRAIGHT,APPARENTLY NORMAL,,,,PEDESTRIAN,,,0,0,,,,,,,,UNKNOWN: IMPROPER CROSSING,DRY,DARK - CONTINUOUS LIGHTING,NONE,LVMP,2388568,PEDESTRIAN,667628.7767,4003182.343,24110
105,POINT (-115.28268285827663 36.14409989770456),INJURY CRASH,CLARK,8/16/17 0:00,2017,1899/12/30 00:00:00,SAHARA AVE,13,W,CANYON GATE DR,CLEAR,0,1,,C,NON-COLLISION,1,CARRY-ALL,S,61,0,TURNING RIGHT,APPARENTLY NORMAL,,FAILED TO YIELD RIGHT OF WAY,,PEDESTRIAN,,,0,0,,,,,,,,UNKNOWN,DRY,DAYLIGHT,NONE,LVMPD,2390265,PEDESTRIAN,654502.7441,4001297.359,24121
106,POINT (-115.1970667318126 36.15902526566316),INJURY CRASH,CLARK,11/13/17 0:00,2017,1899/12/30 00:00:00,SR159,132,E,VISTA DR,CLEAR,0,1,,A,NON-COLLISION,1,,E,0,1,GOING STRAIGHT,,,HIT AND RUN,,,,,0,0,,,,,,,,DARTING: IMPROPER CROSSING,DRY,DARK - CONTINUOUS LIGHTING,NONE,LVMPD,2407212,PEDESTRIAN,662175.4294,4003092.718,24111
107,POINT (-115.2239191139327 36.19502123528654),INJURY CRASH,CLARK,5/13/17 0:00,2017,1899/12/30 00:00:00,SR596,200,S,LAKE MEAD BLVD,CLEAR,0,1,,A,NON-COLLISION,1,"SEDAN, 4 DOOR",S,63,1,GOING STRAIGHT,APPARENTLY NORMAL,,,,PEDESTRIAN,,,0,0,,,,,,,,DARTING: FAILURE TO YIELD RIGHT OF WAY,DRY,DAYLIGHT,NONE,LVMPD,2375789,PEDESTRIAN,659686.705,4007041.371,24116
108,POINT (-115.23302897057224 36.1987748483898),INJURY CRASH,CLARK,7/4/17 0:00,2017,1899/12/30 00:00:00,N TORREY PINES DR,351,S,MELODY ROSE AVE,,0,2,,A,NON-COLLISION,1,"SEDAN, 4 DOOR",,0,2,GOING STRAIGHT,,,,,,,,0,0,,,,,,,,DARTING: DARTING,DRY,DARK - CONTINUOUS LIGHTING,NONE,LVMPD,2378353,PEDESTRIAN,658859.9758,4007442.815,24116
109,POINT (-115.06216771824373 36.17650111076168),INJURY CRASH,CLARK,12/9/17 0:00,2017,1899/12/30 00:00:00,SR612,450,S,HARRIS AVE,CLEAR,0,1,,B,ANGLE,1,"SEDAN, 4 DOOR",E,31,0,OTHER,APPARENTLY NORMAL,,UNKNOWN,,PEDESTRIAN,,,0,0,,,,,,,,UNKNOWN,DRY,DAYLIGHT,NONE,LVMPD,2408663,PEDESTRIAN,674272.3708,4005265.268,24118
110,POINT (-115.16783624803175 36.158862412656205),INJURY CRASH,CLARK,7/11/17 0:00,2017,1899/12/30 00:00:00,SR159,700,W,SHADOW LN,"BLOWING SAND, SOIL, DIRT, SNOW",0,1,,C,NON-COLLISION,1,"SEDAN, 4 DOOR",W,32,0,TURNING RIGHT,APPARENTLY NORMAL,,FAILED TO YIELD RIGHT OF WAY,,PEDESTRIAN,,,0,0,,,,,,,,UNKNOWN,DRY,DAYLIGHT,NONE,LVMPD,2388411,PEDESTRIAN,664805.3504,4003123.886,24111
111,POINT (-115.25133884281479 36.24049970352673),INJURY CRASH,CLARK,12/13/17 0:00,2017,1899/12/30 00:00:00,W CRAIG RD,10,E,N TENAYA WAY,CLEAR,0,1,,C,NON-COLLISION,1,"SEDAN, 4 DOOR",S,84,0,TURNING LEFT,APPARENTLY NORMAL,,FOLLOWED TOO CLOSELY,,PEDESTRIAN,,,0,0,,,,,,,,UNKNOWN,DRY,DARK - CONTINUOUS LIGHTING,NONE,LVMPD,2408901,PEDESTRIAN,657130.1664,4012041.698,24421
112,POINT (-115.20811634094746 36.15909156648734),INJURY CRASH,CLARK,1/2/17 0:00,2017,1899/12/30 00:00:00,SR159,65,W,MONTCLAIR ST,CLEAR,0,1,,B,ANGLE,1,PICKUP,E,20,3,GOING STRAIGHT,APPARENTLY NORMAL,,,,PEDESTRIAN,,,0,0,,,,,,,,IMPROPER CROSSING,DRY,DARK - CONTINUOUS LIGHTING,NONE,LVMPD,2337559,PEDESTRIAN,661181.272,4003081.668,24758
113,POINT (-115.19975046997168 36.15821524831542),INJURY CRASH,CLARK,12/28/17 0:00,2017,1899/12/30 00:00:00,ARVILLE ST,300,S,W CHARLESTON BLVD,CLEAR,0,1,,B,NON-COLLISION,1,,,0,1,GOING STRAIGHT,,,HIT AND RUN,,PEDESTRIAN,,,0,0,,,,,,,,FAILURE TO YIELD RIGHT OF WAY: DARTING: IMPROPER CROSSING,DRY,DAYLIGHT,NONE,LVMPD,2409666,PEDESTRIAN,661935.6669,4002998.378,24111
114,POINT (-115.18277233624687 36.185141672453106),INJURY CRASH,CLARK,3/22/17 0:00,2017,1899/12/30 00:00:00,SR599,0,,RIVERSIDE DR,CLEAR,0,3,,B,ANGLE,2,"SEDAN, 4 DOOR",E,61,0,GOING STRAIGHT,APPARENTLY NORMAL,,FAILED TO YIELD RIGHT OF WAY,,RAN OFF ROAD LEFT,"SEDAN, 4 DOOR",N,47,0,GOING STRAIGHT,APPARENTLY NORMAL,,,,,,OTHER,DRY,DAYLIGHT,NONE,LVMPD,2364349,PEDESTRIAN,663407.1014,4006013.916,24114
115,POINT (-115.10803345619765 36.15969841476555),INJURY CRASH,CLARK,9/8/17 0:00,2017,1899/12/30 00:00:00,30TH ST,19,S,CONTRACT AVE,CLEAR,0,1,,B,ANGLE,1,CARRY-ALL,N,36,1,GOING STRAIGHT,APPARENTLY NORMAL,,,,PEDESTRIAN,,,0,0,,,,,,,,OTHER,DRY,DARK - CONTINUOUS LIGHTING,NONE,LVMPD,2391499,PEDESTRIAN,670183.466,4003319.828,24113
116,POINT (-115.15838646886093 36.15890318726654),INJURY CRASH,CLARK,2/2/17 0:00,2017,1899/12/30 00:00:00,SR159,0,,S GRAND CENTRAL PKWY,CLEAR,0,1,,B,NON-COLLISION,1,"SEDAN, 4 DOOR",E,20,0,GOING STRAIGHT,APPARENTLY NORMAL,,,,PEDESTRIAN,,,0,0,,,,,,,,"IMPROPER CROSSING: FAILURE TO OBEY TRAFFIC SIGNS, SIGNALS, OR OFFICER: DARTING",DRY,DARK - CONTINUOUS LIGHTING,NONE,LVMPD,2361876,PEDESTRIAN,665655.3732,4003144.496,24111
117,POINT (-115.16239954197403 36.147632017672265),INJURY CRASH,CLARK,8/28/17 0:00,2017,1899/12/30 00:00:00,INDUSTRIAL RD,20,S,W BOSTON AVE,CLEAR,0,1,,C,NON-COLLISION,1,LIMOUSINE,W,56,1,TURNING LEFT,APPARENTLY NORMAL,,FAILED TO YIELD RIGHT OF WAY,,PEDESTRIAN,,,0,0,,,,,,,,UNKNOWN,DRY,DAYLIGHT,NONE,LVMPD,2390972,PEDESTRIAN,665318.0207,4001887.288,24111
118,POINT (-115.29735875203323 36.13743324570655),FATAL CRASH,CLARK,9/5/17 0:00,2017,1899/12/30 00:00:00,FORT APACHE RD,0,,MARINER COVE DR,CLEAR,1,0,,K,NON-COLLISION,1,"SEDAN, 4 DOOR",S,46,0,GOING STRAIGHT,OTHER IMPROPER DRIVING,,"FAILED TO YIELD RIGHT OF WAY: DISREGARDED TRAFFIC SIGNS, SIGNALS, ROAD MARKINGS",,PEDESTRIAN,,,0,0,,,,,,,,UNKNOWN,DRY,DAYLIGHT,NONE,LVMP,2391352,PEDESTRIAN,653195.2358,4000534.56,24121
119,POINT (-115.14015011285801 36.17000666745113),INJURY CRASH,CLARK,11/25/17 0:00,2017,1899/12/30 00:00:00,N LAS VEGAS BLVD,162,S,E OGDEN AVE,CLEAR,0,1,,A,NON-COLLISION,1,"SEDAN, 4 DOOR",N,37,2,GOING STRAIGHT,APPARENTLY NORMAL,,,,PEDESTRIAN,,,0,0,,,,,,,,DARTING,DRY,DARK - SPOT LIGHTING,NONE,LVMPD,2407858,PEDESTRIAN,667272.3281,4004407.544,24110
120,POINT (-115.21035458532799 36.1600251685501),INJURY CRASH,CLARK,5/19/17 0:00,2017,1899/12/30 00:00:00,ALPINE PL,8,W,BRUSH ST,CLEAR,0,1,,B,NON-COLLISION,1,PICKUP,E,61,1,TURNING RIGHT,APPARENTLY NORMAL,,FAILED TO YIELD RIGHT OF WAY,,PEDESTRIAN,,,0,0,,,,,,,,UNKNOWN,DRY,DAYLIGHT,NONE,LVMPD,2376075,WHEELCHAIR,660978.0108,4003181.522,24115
121,POINT (-115.13773249026383 36.17392164257148),INJURY CRASH,CLARK,6/27/17 0:00,2017,1899/12/30 00:00:00,US95N TO SR604 N/S INT75B,0,,LAS VEGAS BLVD,CLEAR,0,1,,C,NON-COLLISION,1,"SEDAN, 4 DOOR",W,46,0,GOING STRAIGHT,APPARENTLY NORMAL,,FAILED TO YIELD RIGHT OF WAY,,PEDESTRIAN,,,0,0,,,,,,,,UNKNOWN,DRY,DAYLIGHT,NONE,NHP,2384040,PEDESTRIAN,667481.4547,4004846.025,24110
122,POINT (-115.23316226854651 36.180996580032165),INJURY CRASH,CLARK,11/8/17 0:00,2017,1899/12/30 00:00:00,W WASHINGTON AVE,10,W,N TORREY PINES DR,CLEAR,0,1,,B,ANGLE,1,"SEDAN, 4 DOOR",W,93,1,TURNING LEFT,OTHER IMPROPER DRIVING,,FAILED TO YIELD RIGHT OF WAY,,PEDESTRIAN,,,0,0,,,,,,,,UNKNOWN,DRY,DAYLIGHT,GLARE,LVMPD,2406956,PEDESTRIAN,658883.9125,4005470.377,24115
123,POINT (-115.1371434022382 36.15890589721691),INJURY CRASH,CLARK,7/30/17 0:00,2017,1899/12/30 00:00:00,SR159,65,W,MARYLAND PKWY,CLEAR,0,1,,B,NON-COLLISION,1,"SEDAN, 4 DOOR",E,63,0,GOING STRAIGHT,APPARENTLY NORMAL,,,,PEDESTRIAN,,,0,0,,,,,,,,IMPROPER CROSSING,DRY,DAYLIGHT,NONE,LVMPD,2389402,PEDESTRIAN,667566.4122,4003181.261,24110
124,POINT (-115.19051356411326 36.1372318001403),INJURY CRASH,CLARK,3/1/17 0:00,2017,1899/12/30 00:00:00,S VALLEY VIEW BLVD,18,N,PENNWOOD AVE,CLEAR,0,1,,C,NON-COLLISION,1,VAN,E,54,1,TURNING LEFT,APPARENTLY NORMAL,,UNKNOWN,,PEDESTRIAN,,,0,0,,,,,,,,UNKNOWN,DRY,DAYLIGHT,NONE,LVMPD,2363163,PEDESTRIAN,662810.0062,4000686.043,24111
125,POINT (-115.22558822305025 36.15164752918166),INJURY CRASH,CLARK,10/3/17 0:00,2017,1899/12/30 00:00:00,SR596,0,,W OAKEY BLVD,CLEAR,0,1,,A,NON-COLLISION,1,PICKUP,E,19,0,TURNING RIGHT,APPARENTLY NORMAL,,,,PEDESTRIAN,,,0,0,,,,,,,,"DARTING: INATTENTIVE (TALKING, EATING, ETC.)",DRY,DAYLIGHT,NONE,LVMPD,2392906,PEDESTRIAN,659624.6016,4002227.001,24758
126,POINT (-115.10648933264424 36.1736683037548),INJURY CRASH,CLARK,2/16/17 0:00,2017,1899/12/30 00:00:00,E BONANZA RD,200,W,MOJAVE RD,CLEAR,0,1,,C,NON-COLLISION,1,"SEDAN, 4 DOOR",N,51,0,TURNING LEFT,APPARENTLY NORMAL,,FAILED TO YIELD RIGHT OF WAY,,PEDESTRIAN,,,0,0,,,,,,,,NOT VISIBLE (DARK CLOTHING): WRONG SIDE OF ROAD,DRY,DAYLIGHT,NONE,LVMPD,2362448,PEDESTRIAN,670292.1404,4004872.303,24110
127,POINT (-115.13190372306467 36.16917328611389),INJURY CRASH,CLARK,8/10/17 0:00,2017,1899/12/30 00:00:00,N 11TH ST,280,N,STEWART AVE,CLEAR,0,1,,C,BACKING,1,,E,0,1,BACKING UP,,,HIT AND RUN,,PEDESTRIAN,,,0,0,,,,,,,,LYING AND/OR ILLEGALLY IN ROADWAY,DRY,DAYLIGHT,NONE,LVMPD,2389972,WHEELCHAIR,668015.8569,4004329.339,24110
128,POINT (-115.20595999463562 36.16990797156326),INJURY CRASH,CLARK,4/16/17 0:00,2017,1899/12/30 00:00:00,S DECATUR BLVD,0,,MEADOWS LN,CLEAR,0,1,,B,NON-COLLISION,1,"SEDAN, 4 DOOR",E,24,0,TURNING RIGHT,APPARENTLY NORMAL,,UNKNOWN,,PEDESTRIAN,,,0,0,,,,,,,,UNKNOWN,DRY,DARK - CONTINUOUS LIGHTING,NONE,LVMPD,2374260,PEDESTRIAN,661353.0779,4004285.161,24115
129,POINT (-115.22382587419018 36.167637048591544),INJURY CRASH,CLARK,3/3/17 0:00,2017,1899/12/30 00:00:00,JONES CIR,0,,SR596,CLEAR,0,1,,B,NON-COLLISION,1,"SEDAN, 4 DOOR",E,48,0,TURNING RIGHT,APPARENTLY NORMAL,,FAILED TO YIELD RIGHT OF WAY,,PEDESTRIAN,,,0,0,,,,,,,,UNKNOWN,DRY,DAYLIGHT,OTHER HIGHWAY,LVMPD,2363282,PEDESTRIAN,659750.7015,4004003.68,24115
130,POINT (-115.10949421519908 36.17370868038987),INJURY CRASH,CLARK,10/8/17 0:00,2017,1899/12/30 00:00:00,WARDELLE ST,10,S,E BONANZA RD,CLEAR,0,1,,C,NON-COLLISION,1,"SEDAN, 4 DOOR",N,29,1,GOING STRAIGHT,APPARENTLY NORMAL,,FAILED TO YIELD RIGHT OF WAY,,PEDESTRIAN,,,0,0,,,,,,,,UNKNOWN,DRY,DAYLIGHT,NONE,LVMPD,2405476,PEDESTRIAN,670021.7801,4004871.513,24110
131,POINT (-115.20813936480283 36.148143265060945),INJURY CRASH,CLARK,11/13/17 0:00,2017,1899/12/30 00:00:00,S DECATUR BLVD,0,,OBANNON,CLEAR,0,1,,B,ANGLE,1,VAN,E,71,0,TURNING LEFT,APPARENTLY NORMAL,,FAILED TO YIELD RIGHT OF WAY,,PEDESTRIAN,,,0,0,,,,,,,,UNKNOWN,DRY,DAYLIGHT,NONE,LVMPD,2407233,PEDESTRIAN,661201.6165,4001867.089,24111
132,POINT (-115.20594157431493 36.17389283286589),INJURY CRASH,CLARK,10/25/17 0:00,2017,1899/12/30 00:00:00,US95N TO DECATUR BLVD INT79,0,,DECATUR,CLEAR,0,1,,B,NON-COLLISION,1,CARRY-ALL,N,47,0,TURNING RIGHT,APPARENTLY NORMAL,,FAILED TO YIELD RIGHT OF WAY,,PEDESTRIAN,,,0,0,,,,,,,,UNKNOWN,WET,DAYLIGHT,NONE,NHP,2414035,PEDESTRIAN,661346.5625,4004727.25,24115
133,POINT (-115.1608042605037 36.203002516784444),INJURY CRASH,CLARK,10/28/17 0:00,2017,1899/12/30 00:00:00,W CAREY AVE,5,W,N MARTIN L KING BLVD,CLEAR,0,1,,B,NON-COLLISION,1,"SEDAN, 4 DOOR",E,29,8,TURNING RIGHT,,,FAILED TO YIELD RIGHT OF WAY,,OTHER NON-COLLISION: PEDESTRIAN,,,0,0,,,,,,,,UNKNOWN,DRY,DAYLIGHT,NONE,LVMPD,2406322,PEDESTRIAN,665345.1288,4008032.551,24092
134,POINT (-115.24227154038365 36.21811160624327),INJURY CRASH,CLARK,2/12/17 0:00,2017,1899/12/30 00:00:00,RAINBOW BLVD,10,N,SR574,CLOUDY,0,1,,C,NON-COLLISION,1,,E,0,1,TURNING LEFT,,,HIT AND RUN,,PEDESTRIAN,,,0,0,,,,,,,,UNKNOWN,DRY,DAYLIGHT,NONE,LVMPD,2362274,PEDESTRIAN,657990.0538,4009572.825,24116
135,POINT (-115.28197971623233 36.30192570203802),INJURY CRASH,CLARK,7/2/17 0:00,2017,1899/12/30 00:00:00,N DURANGO DR,363,N,FARM RD,CLEAR,0,1,,A,NON-COLLISION,1,PICKUP,S,29,2,GOING STRAIGHT,APPARENTLY NORMAL,,,,PEDESTRIAN,,,0,0,,,,,,,,"INATTENTIVE (TALKING, EATING, ETC.): IMPROPER CROSSING",DRY,DARK - CONTINUOUS LIGHTING,NONE,LVMPD,2378278,PEDESTRIAN,654255.686,4018806.714,24423
136,POINT (-115.2167578663126 36.21682320204704),INJURY CRASH,CLARK,1/20/17 0:00,2017,1899/12/30 00:00:00,MICHAEL WAY,5,S,SR574,CLOUDY: RAIN,0,1,,C,NON-COLLISION,1,"SEDAN, 4 DOOR",N,66,0,TURNING RIGHT,APPARENTLY NORMAL,,FAILED TO YIELD RIGHT OF WAY,,PEDESTRIAN,,,0,0,,,,,,,,UNKNOWN,DRY,DAYLIGHT,NONE,LVMPD,2355335,PEDESTRIAN,660286.1545,4009471.784,24116
137,POINT (-115.16666040071901 36.15888313046593),INJURY CRASH,CLARK,8/14/17 0:00,2017,1899/12/30 00:00:00,SR159,350,W,SHADOW LN,CLEAR,0,1,,C,NON-COLLISION,1,"SEDAN, 4 DOOR",S,33,1,TURNING RIGHT,APPARENTLY NORMAL,,,,PEDESTRIAN,,,0,0,,,,,,,,UNKNOWN,DRY,DAYLIGHT,NONE,LVMPD,2390170,PEDESTRIAN,664911.087,4003128.182,24111
138,POINT (-115.24226198105971 36.2038327637263),INJURY CRASH,CLARK,1/12/17 0:00,2017,1899/12/30 00:00:00,RAINBOW BLVD,220,N,SMOKE RANCH RD,RAIN,0,1,,B,NON-COLLISION,1,"HATCHBACK, 4 DOOR",S,21,2,GOING STRAIGHT,APPARENTLY NORMAL,,UNKNOWN,,PEDESTRIAN,,,0,0,,,,,,,,LYING AND/OR ILLEGALLY IN ROADWAY: FAILURE TO YIELD RIGHT OF WAY: IMPROPER CROSSING,DRY,DARK - CONTINUOUS LIGHTING,"WEATHER: WET, ICY, SNOW, SLUSH",LVMPD,2354912,PEDESTRIAN,658019.6301,4007988.825,24116
139,POINT (-115.13909951861599 36.171613125811234),INJURY CRASH,CLARK,10/17/17 0:00,2017,1899/12/30 00:00:00,N LAS VEGAS BLVD,20,E,STEWART AVE,CLEAR,0,1,,B,NON-COLLISION,1,"SEDAN, 4 DOOR",E,74,1,TURNING LEFT,APPARENTLY NORMAL,,UNKNOWN,,PEDESTRIAN,,,0,0,,,,,,,,UNKNOWN,DRY,DUSK,NONE,LVMPD,2405702,PEDESTRIAN,667363.4099,4004587.569,24110
140,POINT (-115.20563551612916 36.208393436055125),INJURY CRASH,CLARK,10/25/17 0:00,2017,1899/12/30 00:00:00,N DECATUR BLVD,71,N,MADRE MESA DR,CLEAR,0,1,,A,NON-COLLISION,1,CARRY-ALL,S,65,3,GOING STRAIGHT,APPARENTLY NORMAL,,,,PEDESTRIAN,,,0,0,,,,,,,,FAILURE TO YIELD RIGHT OF WAY: IMPROPER CROSSING,DRY,DAYLIGHT,NONE,LVMPD,2406086,PEDESTRIAN,661303.2905,4008555.076,24116
141,POINT (-115.21676283802444 36.21686422126495),INJURY CRASH,CLARK,7/26/17 0:00,2017,1899/12/30 00:00:00,MICHAEL WAY,10,W,SR574,CLOUDY,0,1,,C,NON-COLLISION,1,"SEDAN, 4 DOOR",N,63,0,TURNING LEFT,APPARENTLY NORMAL,,FAILED TO YIELD RIGHT OF WAY,,PEDESTRIAN,,,0,0,,,,,,,,UNKNOWN,DRY,DARK - CONTINUOUS LIGHTING,NONE,LVMPD,2389222,PEDESTRIAN,660285.6239,4009476.326,24116
142,POINT (-115.29012048264644 36.30973020071587),INJURY CRASH,CLARK,2/19/17 0:00,2017,1899/12/30 00:00:00,FOREST FIRE ST,5,N,MEDICINE WHEEL AVE,CLEAR,0,1,,C,NON-COLLISION,1,PICKUP,S,27,1,GOING STRAIGHT,APPARENTLY NORMAL,,"DISREGARDED TRAFFIC SIGNS, SIGNALS, ROAD MARKINGS",,PEDESTRIAN,,,0,0,,,,,,,,UNKNOWN,DRY,DARK - SPOT LIGHTING,NONE,LVMPD,2362657,PEDESTRIAN,653509.3833,4019659.558,24430
143,POINT (-115.23984642777106 36.16430406730181),FATAL CRASH,CLARK,6/21/17 0:00,2017,1899/12/30 00:00:00,BOURBON WAY,58,E,COULTHARD DR,CLEAR,1,0,,K,NON-COLLISION,1,"SEDAN, 4 DOOR",W,39,1,GOING STRAIGHT,APPARENTLY NORMAL,,,,PEDESTRIAN,,,0,0,,,,,,,,DARTING: LYING AND/OR ILLEGALLY IN ROADWAY: UNKNOWN,DRY,DAYLIGHT,NONE,LVMP,2377720,PEDESTRIAN,658316.3643,4003607.687,24115
144,POINT (-115.21505149439771 36.180962970515814),INJURY CRASH,CLARK,12/15/17 0:00,2017,1899/12/30 00:00:00,W WASHINGTON AVE,0,,N MICHAEL WAY,CLEAR,0,1,,C,NON-COLLISION,1,"HATCHBACK, 4 DOOR",W,23,0,TURNING LEFT,APPARENTLY NORMAL,,UNKNOWN,,PEDESTRIAN,,,0,0,,,,,,,,UNKNOWN,DRY,DARK - CONTINUOUS LIGHTING,NONE,LVMPD,2409023,PEDESTRIAN,660512.7632,4005496.461,24116
145,POINT (-115.12340439176809 36.15887457917812),INJURY CRASH,CLARK,4/23/17 0:00,2017,1899/12/30 00:00:00,SR159,3,E,BURNHAM AVE,CLEAR,0,2,,A,NON-COLLISION,1,"SEDAN, 4 DOOR",E,50,1,GOING STRAIGHT,APPARENTLY NORMAL,,FAILED TO YIELD RIGHT OF WAY,,PEDESTRIAN: PEDESTRIAN,,,0,0,,,,,,,,UNKNOWN,DRY,DARK - CONTINUOUS LIGHTING,NONE,LVMPD,2374645,PEDESTRIAN,668802.4564,4003201.593,24110
146,POINT (-115.11878762454917 36.14790761446922),INJURY CRASH,CLARK,4/2/17 0:00,2017,1899/12/30 00:00:00,EASTERN AVE,61,S,E ST LOUIS AVE,CLEAR,0,1,,B,NON-COLLISION,1,"SEDAN, 2 DOOR",W,20,3,TURNING LEFT,APPARENTLY NORMAL,,,,PEDESTRIAN,,,0,0,,,,,,,,IMPROPER CROSSING,DRY,DAYLIGHT,GLARE,LVMPD,2373463,PEDESTRIAN,669241.3615,4001993.003,24113
147,POINT (-115.2058450921703 36.16163621513739),INJURY CRASH,CLARK,11/16/17 0:00,2017,1899/12/30 00:00:00,S DECATUR BLVD,100,E,DOVER PL,CLEAR,0,1,,C,NON-COLLISION,1,,W,0,1,GOING STRAIGHT,,,HIT AND RUN,,PEDESTRIAN,,,0,0,,,,,,,,UNKNOWN,DRY,DARK - CONTINUOUS LIGHTING,NONE,LVMPD,2407419,PEDESTRIAN,661380.3755,4003367.73,24115
148,POINT (-115.26938804061747 36.298473590750014),INJURY CRASH,CLARK,12/5/17 0:00,2017,1899/12/30 00:00:00,FARM RD,0,,N CIMARRON RD,CLEAR,0,1,,C,ANGLE,1,PICKUP,W,41,0,TURNING LEFT,APPARENTLY NORMAL,,FAILED TO YIELD RIGHT OF WAY,,PEDESTRIAN,,,0,0,,,,,,,,UNKNOWN,DRY,DAYLIGHT,NONE,LVMPD,2408416,PEDESTRIAN,655393.2068,4018443.904,24423
149,POINT (-115.19503468301885 36.138221693416845),INJURY CRASH,CLARK,5/9/17 0:00,2017,1899/12/30 00:00:00,SILVER DOLLAR AVE,0,,WING ST,CLEAR,0,1,,B,NON-COLLISION,1,"SEDAN, 4 DOOR",W,28,0,GOING STRAIGHT,APPARENTLY NORMAL,,,,PEDESTRIAN,,,0,0,,,,,,,,DARTING,DRY,DAYLIGHT,NONE,LVMPD,2375567,PEDESTRIAN,662401.1327,4000788.286,24111
150,POINT (-115.13653943612444 36.1598673385302),INJURY CRASH,CLARK,2/11/17 0:00,2017,1899/12/30 00:00:00,MARYLAND PKWY,5,S,E BONNEVILLE AVE,CLOUDY,0,1,,B,NON-COLLISION,1,"SEDAN, 4 DOOR",S,0,0,TURNING RIGHT,,,HIT AND RUN,,PEDESTRIAN,,,0,0,,,,,,,,UNKNOWN,DRY,DAYLIGHT,NONE,LVMPD,2362198,PEDESTRIAN,667618.6981,4003288.962,24110
151,POINT (-115.2058634689242 36.16280754719706),INJURY CRASH,CLARK,1/18/17 0:00,2017,1899/12/30 00:00:00,S DECATUR BLVD,0,,EVERGREEN AVE,CLEAR,0,1,,B,ANGLE,1,"HARDTOP, 4 DOOR",E,24,0,TURNING LEFT,APPARENTLY NORMAL,,FAILED TO YIELD RIGHT OF WAY,,PEDESTRIAN,,,0,0,,,,,,,,UNKNOWN,DRY,DAYLIGHT,NONE,LVMPD,2355186,PEDESTRIAN,661376.3206,4003497.641,24115
152,POINT (-115.20725163580724 36.16285125935738),FATAL CRASH,CLARK,9/14/17 0:00,2017,1899/12/30 00:00:00,EVERGREEN AVE,395,W,S DECATUR BLVD,CLEAR,1,0,,K,NON-COLLISION,1,"SEDAN, 4 DOOR",W,60,1,GOING STRAIGHT,OBSTRUCTED VIEW,,VISIBILITY OBSTRUCTED,,PEDESTRIAN,,,0,0,,,,,,,,IMPROPER CROSSING: UNKNOWN,DRY,DUSK,NONE,LVMP,2391859,PEDESTRIAN,661251.3578,4003500.183,24115
153,POINT (-115.14084454419908 36.18011269797725),INJURY CRASH,CLARK,8/24/17 0:00,2017,1899/12/30 00:00:00,N MAIN ST,0,,SYCAMORE LN,CLEAR,0,1,,C,NON-COLLISION,1,"SEDAN, 4 DOOR",S,65,0,GOING STRAIGHT,APPARENTLY NORMAL,,,,PEDESTRIAN,,,0,0,,,,,,,,"DARTING: INATTENTIVE (TALKING, EATING, ETC.)",DRY,DARK - CONTINUOUS LIGHTING,NONE,LVMPD,2390744,PEDESTRIAN,667188.385,4005527.467,24110
154,POINT (-115.1859279721814 36.146318289856715),INJURY CRASH,CLARK,10/31/17 0:00,2017,1899/12/30 00:00:00,EL CAMINO AVE,139,W,SPANISH OAKS DR,CLEAR,0,1,,B,NON-COLLISION,1,VAN,,0,1,TURNING RIGHT,,,,,RAN OFF ROAD LEFT: FENCE/WALL,,,0,0,,,,,,,,OTHER,DRY,DAYLIGHT,NONE,LVMPD,2406460,PEDESTRIAN,663203.8116,4001701.744,24111
155,POINT (-115.16219642194153 36.152243852392736),INJURY CRASH,CLARK,3/20/17 0:00,2017,1899/12/30 00:00:00,WESTERN AVE,20,N,W OAKEY BLVD,CLOUDY,0,1,,B,NON-COLLISION,1,PICKUP,S,49,0,GOING STRAIGHT,APPARENTLY NORMAL,,FAILED TO YIELD RIGHT OF WAY,,PEDESTRIAN,,,0,0,,,,,,,,UNKNOWN,DRY,DAYLIGHT,NONE,LVMPD,2364217,PEDESTRIAN,665326.6122,4002399.247,24111
156,POINT (-115.2878342979085 36.28454385947874),INJURY CRASH,CLARK,10/17/17 0:00,2017,1899/12/30 00:00:00,N DURANGO DR,0,,W DEER SPRINGS WAY,CLEAR,0,2,,C,ANGLE,1,VAN,W,72,1,TURNING LEFT,APPARENTLY NORMAL,,,,PEDESTRIAN,,,0,0,,,,,,,,"DARTING: DARTING: FAILURE TO OBEY TRAFFIC SIGNS, SIGNALS, OR OFFICER: FAILURE TO OBEY TRAFFIC SIGNS, SIGNALS, OR OFFICER",DRY,DAYLIGHT,NONE,LVMPD,2405706,PEDESTRIAN,653764.0918,4016869.14,24761
157,POINT (-115.17773885758886 36.14432505021604),INJURY CRASH,CLARK,7/4/17 0:00,2017,1899/12/30 00:00:00,SR589,50,W,TEDDY DR,CLEAR,0,1,,B,NON-COLLISION,1,CARRY-ALL,E,0,2,GOING STRAIGHT,,,HIT AND RUN,,PEDESTRIAN,,,0,0,,,,,,,,DARTING: FAILURE TO YIELD RIGHT OF WAY,DRY,DARK - SPOT LIGHTING,NONE,LVMPD,2378334,PEDESTRIAN,663944.7745,4001494.421,24111
158,POINT (-115.29521893144948 36.15106620233108),INJURY CRASH,CLARK,12/22/17 0:00,2017,1899/12/30 00:00:00,RED HILLS RD,5,W,S FORT APACHE RD,CLEAR,0,1,,B,NON-COLLISION,1,CARRY-ALL,N,59,0,TURNING LEFT,APPARENTLY NORMAL,,FAILED TO YIELD RIGHT OF WAY,,PEDESTRIAN,,,0,0,,,,,,,,UNKNOWN,DRY,DARK - CONTINUOUS LIGHTING,NONE,LVMPD,2409426,PEDESTRIAN,653361.2351,4002050.274,24121
159,POINT (-115.13712714612146 36.17480733552195),INJURY CRASH,CLARK,5/11/17 0:00,2017,1899/12/30 00:00:00,LAS VEGAS BLVD,14,N,E BONANZA RD,CLOUDY,0,1,,A,NON-COLLISION,1,PICKUP,E,24,1,TURNING LEFT,APPARENTLY NORMAL,,OTHER IMPROPER DRIVING,,PEDESTRIAN,,,0,0,,,,,,,,UNKNOWN,DRY,DAWN,NONE,LVMPD,2375642,PEDESTRIAN,667534.0154,4004945.325,24110
160,POINT (-115.088691186134 36.1883495624708),FATAL CRASH,CLARK,1/12/17 0:00,2017,1899/12/30 00:00:00,OWENS AVE,120,E,N SANDHILL RD,CLOUDY: RAIN,1,0,,K,NON-COLLISION,1,PICKUP,E,21,0,NOT REPORTED,APPARENTLY NORMAL,,FAILURE TO KEEP IN PROPER LANE OR RUNNING OFF ROAD: OVER-CORRECTING/OVER-STEERING: RAN OFF ROAD: UNSAFE LANE CHANGE,,NOT REPORTED: RAN OFF ROAD RIGHT: PEDESTRIAN,,,0,0,,,,,,,,UNKNOWN,DRY,DARK - CONTINUOUS LIGHTING,"WEATHER: WET, ICY, SNOW, SLUSH",LVMP,2373160,PEDESTRIAN,671860.9048,4006532.38,24120
161,POINT (-115.15849225657334 36.2019712486624),INJURY CRASH,CLARK,1/2/17 0:00,2017,1899/12/30 00:00:00,LEXINGTON ST,0,,MILLER AVE,CLEAR,0,1,,C,ANGLE,1,,N,0,0,GOING STRAIGHT,,,HIT AND RUN,,PEDESTRIAN,,,0,0,,,,,,,,FAILURE TO YIELD RIGHT OF WAY,DRY,DARK - CONTINUOUS LIGHTING,NONE,LVMPD,2337557,PEDESTRIAN,665555.1741,4007922.091,24114
162,POINT (-115.22385090643968 36.19573367971204),INJURY CRASH,CLARK,11/19/17 0:00,2017,1899/12/30 00:00:00,W LAKE MEAD BLVD,15,E,SR596,CLEAR,0,1,,A,NON-COLLISION,1,"HARDTOP, 4 DOOR",N,21,1,TURNING RIGHT,APPARENTLY NORMAL,,FAILED TO YIELD RIGHT OF WAY,,PEDESTRIAN,,,0,0,,,,,,,,UNKNOWN,DRY,DAYLIGHT,NONE,LVMPD,2407561,PEDESTRIAN,659691.3908,4007120.518,24116
163,POINT (-115.13684481627175 36.16384891992173),INJURY CRASH,CLARK,9/7/17 0:00,2017,1899/12/30 00:00:00,S 10TH ST,197,S,BRIDGER AVE,CLOUDY,0,2,,B,HEAD-ON,3,VAN,N,27,0,GOING STRAIGHT,DRUG INVOLVEMENT,,EXCEEDED AUTHORIZED SPEED LIMIT: FAILURE TO KEEP IN PROPER LANE OR RUNNING OFF ROAD: DROVE LEFT OF CENTER: RAN OFF ROAD: UNSAFE LANE CHANGE,,"RAN OFF ROAD LEFT: OTHER POST, POLE OR SUPPORT: PARKED MOTOR VEHICLE: PARKED MOTOR VEHICLE",OTHER,,0,0,PARKED,,,,,,,UNKNOWN,DRY,DAYLIGHT,NONE,LVMPD,2391463,PEDESTRIAN,667582.7478,4003730.133,24110
164,POINT (-115.20596687821924 36.195305167382465),INJURY CRASH,CLARK,1/25/17 0:00,2017,1899/12/30 00:00:00,N DECATUR BLVD,5,S,LAKE MEAD BLVD,CLEAR,0,1,,C,NON-COLLISION,1,"SEDAN, 4 DOOR",E,19,3,TURNING RIGHT,APPARENTLY NORMAL,,FAILED TO YIELD RIGHT OF WAY,,PEDESTRIAN,,,0,0,,,,,,,,UNKNOWN,DRY,DAYLIGHT,NONE,LVMPD,2355581,PEDESTRIAN,661300.3607,4007102.578,24116
165,POINT (-115.25880129574891 36.175845085214746),INJURY CRASH,CLARK,1/27/17 0:00,2017,1899/12/30 00:00:00,PIRATES COVE RD,300,E,N BUFFALO DR,CLEAR,0,1,,C,NON-COLLISION,1,"SEDAN, 4 DOOR",E,31,0,OTHER,APPARENTLY NORMAL,,OBJECT AVOIDANCE,,PEDESTRIAN,,,0,0,,,,,,,,NOT VISIBLE (DARK CLOTHING),DRY,DAYLIGHT,NONE,LVMPD,2355690,PEDESTRIAN,656588.3444,4004857.219,24757
166,POINT (-115.24227166550375 36.217373220650856),INJURY CRASH,CLARK,8/7/17 0:00,2017,1899/12/30 00:00:00,RAINBOW BLVD,260,S,SR574,CLEAR,0,1,,C,NON-COLLISION,1,CARRY-ALL,W,80,0,TURNING LEFT,APPARENTLY NORMAL,,FAILED TO YIELD RIGHT OF WAY,,PEDESTRIAN,,,0,0,,,,,,,,UNKNOWN,DRY,DAYLIGHT,NONE,LVMPD,2389801,PEDESTRIAN,657991.5278,4009490.912,24116
167,POINT (-115.27911768501087 36.20403387109355),INJURY CRASH,CLARK,2/24/17 0:00,2017,1899/12/30 00:00:00,RAMPART BLVD,759,S,POINT CONCEPTION DR,CLEAR,0,1,,C,NON-COLLISION,1,"SEDAN, 4 DOOR",N,0,0,OTHER,,,EXCEEDED AUTHORIZED SPEED LIMIT: FAILURE TO KEEP IN PROPER LANE OR RUNNING OFF ROAD: RAN OFF ROAD: HIT AND RUN: UNSAFE LANE CHANGE,,RAN OFF ROAD RIGHT: TREE/SHRUB: FENCE/WALL,,,0,0,,,,,,,,NOT VISIBLE (DARK CLOTHING),DRY,DAYLIGHT,NONE,LVMPD,2362880,PEDESTRIAN,654705.6207,4007951.702,24420
168,POINT (-115.11888565812185 36.15885896303274),INJURY CRASH,CLARK,8/27/17 0:00,2017,1899/12/30 00:00:00,SR159,6,W,EASTERN AVE,CLEAR,0,1,,C,NON-COLLISION,1,"HATCHBACK, 4 DOOR",E,49,3,GOING STRAIGHT,APPARENTLY NORMAL,,,,PEDESTRIAN,,,0,0,,,,,,,,"INATTENTIVE (TALKING, EATING, ETC.): FAILURE TO OBEY TRAFFIC SIGNS, SIGNALS, OR OFFICER",DRY,DAYLIGHT,NONE,LVMPD,2390901,PEDESTRIAN,669209.0012,4003207.729,24110
169,POINT (-115.14894377934063 36.160862298588626),INJURY CRASH,CLARK,10/5/17 0:00,2017,1899/12/30 00:00:00,HOOVER AVE,0,,S 3RD ST,CLEAR,0,1,,B,NON-COLLISION,1,"HATCHBACK, 2 DOOR",W,49,1,TURNING LEFT,APPARENTLY NORMAL,,FAILED TO YIELD RIGHT OF WAY,,PEDESTRIAN,,,0,0,,,,,,,,UNKNOWN,DRY,DAYLIGHT,NONE,LVMPD,2393070,PEDESTRIAN,666500.7005,4003377.987,24110
170,POINT (-115.06492708701342 36.188557213653596),FATAL CRASH,CLARK,1/23/17 0:00,2017,1899/12/30 00:00:00,OWENS AVE,10,E,NORTHWIND CT,CLEAR,1,0,,K,NON-COLLISION,1,,,0,0,,,,,,,,,0,0,,,,,,,,,,,NONE,LVMP,11881,PEDESTRIAN,673997.5101,4006597.787,24118
171,POINT (-115.2422715257398 36.21819954198846),INJURY CRASH,CLARK,10/27/17 0:00,2017,1899/12/30 00:00:00,SR574,0,,RAINBOW,CLEAR,0,1,,B,NON-COLLISION,1,CARRY-ALL,S,42,0,TURNING RIGHT,APPARENTLY NORMAL,,FAILED TO YIELD RIGHT OF WAY,,PEDESTRIAN,,,0,0,,,,,,,,UNKNOWN,DRY,DARK - SPOT LIGHTING,NONE,NHP,2414182,PEDESTRIAN,657989.8782,4009582.58,24116
172,POINT (-115.1598058967262 36.14375241786395),INJURY CRASH,CLARK,2/16/17 0:00,2017,1899/12/30 00:00:00,SR589,388,W,FAIRFIELD AVE,CLEAR,0,1,,B,NON-COLLISION,1,"HATCHBACK, 4 DOOR",S,65,0,TURNING RIGHT,APPARENTLY NORMAL,,FAILED TO YIELD RIGHT OF WAY,,PEDESTRIAN,,,0,0,,,,,,,,UNKNOWN,DRY,DAYLIGHT,NONE,LVMPD,2362434,PEDESTRIAN,665559.5362,4001461.324,24117
173,POINT (-115.16078715155467 36.195075794555315),INJURY CRASH,CLARK,8/7/17 0:00,2017,1899/12/30 00:00:00,MARTIN L KING BLVD,174,S,LAKE MEAD BLVD,CLEAR,0,1,,C,NON-COLLISION,1,"SEDAN, 4 DOOR",N,36,3,GOING STRAIGHT,APPARENTLY NORMAL,,,,PEDESTRIAN,,,0,0,,,,,,,,"DARTING: INATTENTIVE (TALKING, EATING, ETC.): IMPROPER CROSSING",DRY,DAYLIGHT,NONE,LVMPD,2389830,PEDESTRIAN,665363.3439,4007153.223,24114
174,POINT (-115.11887499675059 36.158885816200915),INJURY CRASH,CLARK,10/25/17 0:00,2017,1899/12/30 00:00:00,S EASTERN AVE,10,N,E CHARLESTON BLVD,CLEAR,0,1,,B,NON-COLLISION,1,"SEDAN, 2 DOOR",S,70,3,TURNING RIGHT,,,FAILED TO YIELD RIGHT OF WAY: HIT AND RUN,,PEDESTRIAN,,,0,0,,,,,,,,UNKNOWN,DRY,DAYLIGHT,NONE,LVMPD,2406110,PEDESTRIAN,669209.9026,4003210.726,24110
175,POINT (-115.24971959830934 36.20871898542255),INJURY CRASH,CLARK,11/6/17 0:00,2017,1899/12/30 00:00:00,N TENAYA WAY,0,,BOX CANYON DR,CLEAR,0,1,,C,NON-COLLISION,1,CARRY-ALL,E,76,0,TURNING RIGHT,APPARENTLY NORMAL,,FAILED TO YIELD RIGHT OF WAY: HIT AND RUN,,PEDESTRIAN,,,0,0,,,,,,,,UNKNOWN,DRY,DAYLIGHT,NONE,LVMPD,2406820,PEDESTRIAN,657339.3468,4008518.747,24420
176,POINT (-115.24334886375152 36.15227409519535),INJURY CRASH,CLARK,4/4/17 0:00,2017,1899/12/30 00:00:00,SR595,293,N,W OAKEY BLVD,CLEAR,0,2,,A,NON-COLLISION,1,"SEDAN, 4 DOOR",N,70,3,GOING STRAIGHT,APPARENTLY NORMAL,,UNKNOWN,,PEDESTRIAN,,,0,0,,,,,,,,"FAILURE TO OBEY TRAFFIC SIGNS, SIGNALS, OR OFFICER: INATTENTIVE (TALKING, EATING, ETC.): NOT VISIBLE (DARK CLOTHING)",DRY,DARK - SPOT LIGHTING,NONE,LVMPD,2373547,PEDESTRIAN,658025.4573,4002267.452,24758
177,POINT (-115.14751483643924 36.15871455173473),INJURY CRASH,CLARK,2/22/17 0:00,2017,1899/12/30 00:00:00,LAS VEGAS BLVD,0,,SR159,CLEAR,0,1,,C,NON-COLLISION,1,CARRY-ALL,N,24,0,TURNING RIGHT,APPARENTLY NORMAL,,FAILED TO YIELD RIGHT OF WAY,,PEDESTRIAN,,,0,0,,,,,,,,"INATTENTIVE (TALKING, EATING, ETC.)",DRY,DAYLIGHT,NONE,LVMPD,2362773,PEDESTRIAN,666633.7932,4003142.179,24113
178,POINT (-115.27343768377914 36.16551108053253),INJURY CRASH,CLARK,9/24/17 0:00,2017,1899/12/30 00:00:00,ROLAND WILEY RD,0,,EUGENE GRAYSON CT,CLEAR,0,1,,B,NON-COLLISION,1,"SEDAN, 4 DOOR",N,24,0,BACKING UP,INATTENTION/DISTRACTED,"ELECTRONIC EQUIPMENT (COMPUTERS, ON BOARD NAVIGATION SYSTEM, ETC.)",UNSAFE BACKING,,PEDESTRIAN,,,0,0,,,,,,,,NOT VISIBLE (DARK CLOTHING),DRY,DAYLIGHT,NONE,LVMPD,2392416,PEDESTRIAN,655292.3466,4003687.314,24757
179,POINT (-115.13336709719766 36.169084982933775),INJURY CRASH,CLARK,6/14/17 0:00,2017,1899/12/30 00:00:00,STEWART AVE,10,W,N 10TH ST,CLEAR,0,1,,B,NON-COLLISION,1,,E,0,1,GOING STRAIGHT,,,FAILED TO YIELD RIGHT OF WAY: HIT AND RUN,,PEDESTRIAN,,,0,0,,,,,,,,UNKNOWN,DRY,DAYLIGHT,NONE,LVMPD,2377396,PEDESTRIAN,667884.4158,4004317.011,24110
180,POINT (-115.24196698165146 36.195987717023414),INJURY CRASH,CLARK,11/18/17 0:00,2017,1899/12/30 00:00:00,W LAKE MEAD BLVD,0,,N RAINBOW BLVD,CLEAR,0,1,,C,ANGLE,1,"SEDAN, 4 DOOR",S,69,0,TURNING RIGHT,APPARENTLY NORMAL,,FAILED TO YIELD RIGHT OF WAY,,PEDESTRIAN,,,0,0,,,,,,,,UNKNOWN,DRY,DAYLIGHT,NONE,LVMPD,2407512,SKATER,658061.929,4007119.022,24116
181,POINT (-115.2971813693721 36.13329554472517),FATAL CRASH,CLARK,9/26/17 0:00,2017,1899/12/30 00:00:00,FORT APACHE RD,10,S,LAKE SOUTH DR,CLEAR,1,1,,K,NON-COLLISION,1,"SEDAN, 4 DOOR",S,25,3,GOING STRAIGHT,APPARENTLY NORMAL,,,,PEDESTRIAN: PEDESTRIAN,,,0,0,,,,,,,,"DARTING: FAILURE TO YIELD RIGHT OF WAY: FAILURE TO OBEY TRAFFIC SIGNS, SIGNALS, OR OFFICER: FAILURE TO YIELD RIGHT OF WAY: FAILURE TO OBEY TRAFFIC SIGNS, SIGNALS, OR OFFICER",DRY,DARK - CONTINUOUS LIGHTING,NONE,LVMP,2392550,PEDESTRIAN,653219.244,4000075.836,24121
182,POINT (-115.09976604847743 36.14447644772636),INJURY CRASH,CLARK,1/18/17 0:00,2017,1899/12/30 00:00:00,SR582,10,W,GLEN AVE,CLEAR,0,1,,C,NON-COLLISION,1,,E,0,0,GOING STRAIGHT,,,FAILED TO YIELD RIGHT OF WAY: HIT AND RUN,,PEDESTRIAN,,,0,0,,,,,,,,UNKNOWN,DRY,DAYLIGHT,NONE,LVMPD,2355188,PEDESTRIAN,670960.2588,4001645.689,24113
183,POINT (-115.13642192439525 36.159981910199065),INJURY CRASH,CLARK,10/16/17 0:00,2017,1899/12/30 00:00:00,E BONNEVILLE AVE,11,E,S MARYLAND PKWY,CLEAR,0,1,,B,NON-COLLISION,1,PICKUP,E,58,1,GOING STRAIGHT,APPARENTLY NORMAL,,UNKNOWN,,PEDESTRIAN,,,0,0,,,,,,,,UNKNOWN,DRY,DARK - CONTINUOUS LIGHTING,NONE,LVMPD,2405683,PEDESTRIAN,667629.0254,4003301.875,24110
184,POINT (-115.13705553901941 36.151560361556356),INJURY CRASH,CLARK,1/22/17 0:00,2017,1899/12/30 00:00:00,E OAKEY BLVD,12,S,MARYLAND PKWY,RAIN,0,1,,C,NON-COLLISION,1,CARRY-ALL,E,60,3,TURNING RIGHT,APPARENTLY NORMAL,,FAILED TO YIELD RIGHT OF WAY,,PEDESTRIAN,,,0,0,,,,,,,,UNKNOWN,DRY,DARK - CONTINUOUS LIGHTING,NONE,LVMPD,2355465,PEDESTRIAN,667589.9536,4002366.532,24113
185,POINT (-115.16723789225966 36.14845951020867),INJURY CRASH,CLARK,3/14/17 0:00,2017,1899/12/30 00:00:00,IR15N,100,N,SR589W/E TO IR15N INT40,CLEAR,0,1,,C,"SIDESWIPE, OVERTAKING",1,"SEDAN, 4 DOOR",N,67,3,CHANGING LANES,APPARENTLY NORMAL,,,,PEDESTRIAN,,,0,0,,,,,,,,UNKNOWN,DRY,DAYLIGHT,OTHER HIGHWAY,NHP,2367194,PEDESTRIAN,664880.9647,4001970.858,24111
186,POINT (-115.20911102650852 36.313171927836045),INJURY CRASH,CLARK,7/27/17 0:00,2017,1899/12/30 00:00:00,HIGHLAND RANCH ST,5,S,HORSE DR,CLEAR,0,1,,C,NON-COLLISION,1,"SEDAN, 4 DOOR",N,17,1,TURNING RIGHT,APPARENTLY NORMAL,,FAILED TO YIELD RIGHT OF WAY,,PEDESTRIAN,,,0,0,,,,,,,,UNKNOWN,DRY,DAYLIGHT,NONE,LVMPD,2389256,PEDESTRIAN,660775.8698,4020172.993,24423
187,POINT (-115.09470131407467 36.15884115777354),FATAL CRASH,CLARK,5/25/17 0:00,2017,,SR159,0,,Shiloah,,1,0,,K,,0,,,0,0,,,,,,,,,0,0,,,,,,,,,,,,LVMP,0,PEDESTRIAN,0,0,24113
188,POINT (-115.11259838691545 36.15538886872202),INJURY CRASH,CLARK,12/22/17 0:00,2017,1899/12/30 00:00:00,SR582S,0,,LOWES ST,CLEAR,0,2,,B,NON-COLLISION,1,CARRY-ALL,S,0,0,GOING STRAIGHT,INATTENTION/DISTRACTED,"ELECTRONIC EQUIPMENT (COMPUTERS, ON BOARD NAVIGATION SYSTEM, ETC.)",FAILED TO YIELD RIGHT OF WAY,,PEDESTRIAN: PEDESTRIAN,,,0,0,,,,,,,,UNKNOWN,DRY,DARK - CONTINUOUS LIGHTING,NONE,LVMPD,2409424,PEDESTRIAN,669782.0976,4002833.749,24113
189,POINT (-115.07987565798948 36.188514207440655),INJURY CRASH,CLARK,10/27/17 0:00,2017,1899/12/30 00:00:00,E OWENS AVE,0,,N LAMB BLVD,CLEAR,0,1,,C,NON-COLLISION,1,,,0,0,TURNING LEFT,,,HIT AND RUN,,,,,0,0,,,,,,,,UNKNOWN,DRY,DARK - CONTINUOUS LIGHTING,NONE,LVMPD,2406278,PEDESTRIAN,672653.3076,4006566.302,24120
190,POINT (-115.13570544626913 36.18798020252046),INJURY CRASH,CLARK,3/30/17 0:00,2017,1899/12/30 00:00:00,N MAIN ST,137,S,OWENS AVE,,0,1,,A,"SIDESWIPE, OVERTAKING",1,CARRY-ALL,S,22,1,GOING STRAIGHT,APPARENTLY NORMAL,,UNKNOWN,,PEDESTRIAN,,,0,0,,,,,,,,IMPROPER CROSSING,DRY,DAYLIGHT,NONE,LVMPD,2373327,PEDESTRIAN,667633.8067,4006409.125,24110
191,POINT (-115.1392076941826 36.171447745692724),INJURY CRASH,CLARK,8/26/17 0:00,2017,1899/12/30 00:00:00,LAS VEGAS BLVD,0,,STEWART AVE,CLEAR,0,1,,B,NON-COLLISION,1,"SEDAN, 4 DOOR",E,32,0,TURNING LEFT,APPARENTLY NORMAL,,FAILED TO YIELD RIGHT OF WAY,,PEDESTRIAN,,,0,0,,,,,,,,UNKNOWN,DRY,DAYLIGHT,NONE,LVMPD,2390831,PEDESTRIAN,667354.0317,4004569.036,24110
192,POINT (-115.14396499876916 36.17084523578801),INJURY CRASH,CLARK,11/1/17 0:00,2017,1899/12/30 00:00:00,N CASINO CENTER BLVD,60,N,FREMONT ST,CLEAR,0,1,,A,NON-COLLISION,1,SEMI,S,32,1,GOING STRAIGHT,APPARENTLY NORMAL,,,,PEDESTRIAN,,,0,0,,,,,,,,"DARTING: FAILURE TO YIELD RIGHT OF WAY: INATTENTIVE (TALKING, EATING, ETC.)",DRY,DARK - CONTINUOUS LIGHTING,NONE,LVMPD,2406562,PEDESTRIAN,666927.4066,4004494.002,24110
193,POINT (-115.13914113286283 36.1884253867562),INJURY CRASH,CLARK,9/17/17 0:00,2017,1899/12/30 00:00:00,OWENS AVE,181,E,STOCKER ST,CLEAR,0,1,,B,NON-COLLISION,1,"SEDAN, 4 DOOR",W,51,1,GOING STRAIGHT,APPARENTLY NORMAL,,,,PEDESTRIAN,,,0,0,,,,,,,,"INATTENTIVE (TALKING, EATING, ETC.): DARTING: IMPROPER CROSSING",DRY,DAYLIGHT,OTHER ENVIRONMENTAL,NLPD,2399963,PEDESTRIAN,667323.8957,4006452.58,23777
194,POINT (-115.17278286781281 36.15874008586639),INJURY CRASH,CLARK,5/22/17 0:00,2017,1899/12/30 00:00:00,RANCHO DR,0,,SR159,CLEAR,0,1,,C,NON-COLLISION,1,"SEDAN, 4 DOOR",N,0,0,TURNING RIGHT,,,HIT AND RUN,,PEDESTRIAN,,,0,0,,,,,,,,"FAILURE TO OBEY TRAFFIC SIGNS, SIGNALS, OR OFFICER",DRY,DAYLIGHT,NONE,LVMPD,2376248,PEDESTRIAN,664360.6051,4003101.928,24111
195,POINT (-115.24369938262961 36.233047645613034),INJURY CRASH,CLARK,12/5/17 0:00,2017,1899/12/30 00:00:00,W ALEXANDER RD,0,,BROADRIVER DR,CLEAR,0,1,,C,NON-COLLISION,1,PICKUP,W,50,0,TURNING LEFT,APPARENTLY NORMAL,,FAILED TO YIELD RIGHT OF WAY,,,,,0,0,,,,,,,,UNKNOWN,DRY,DARK - SPOT LIGHTING,NONE,LVMPD,2408448,PEDESTRIAN,657831.678,4011227.423,24116
196,POINT (-115.06432823937769 36.17766268044165),INJURY CRASH,CLARK,3/24/17 0:00,2017,1899/12/30 00:00:00,HARRIS AVE,32,E,LILLIAN ST,CLEAR,0,1,,B,NON-COLLISION,1,"HATCHBACK, 4 DOOR",E,42,1,GOING STRAIGHT,APPARENTLY NORMAL,,,,PEDESTRIAN,,,0,0,,,,,,,,"IMPROPER CROSSING: INATTENTIVE (TALKING, EATING, ETC.)",DRY,DAYLIGHT,NONE,LVMPD,2364441,PEDESTRIAN,674075.4783,4005390.25,24118
197,POINT (-115.19501096359178 36.137310902073445),INJURY CRASH,CLARK,12/15/17 0:00,2017,1899/12/30 00:00:00,PENNWOOD AVE,3,W,WING ST,CLEAR,0,1,,A,NON-COLLISION,1,,W,0,1,GOING STRAIGHT,,,HIT AND RUN,,PEDESTRIAN,,,0,0,,,,,,,,UNKNOWN,DRY,DARK - CONTINUOUS LIGHTING,NONE,LVMPD,2409020,PEDESTRIAN,662405.1448,4000687.288,24111
198,POINT (-115.26254265518386 36.159115451896696),INJURY CRASH,CLARK,10/21/17 0:00,2017,1899/12/30 00:00:00,SR159,78,W,S BUFFALO DR,CLEAR,0,1,,C,ANGLE,1,"SEDAN, 2 DOOR",W,58,2,GOING STRAIGHT,APPARENTLY NORMAL,,,,PEDESTRIAN,,,0,0,,,,,,,,LYING AND/OR ILLEGALLY IN ROADWAY: IMPROPER CROSSING,DRY,DAYLIGHT,NONE,LVMPD,2405881,PEDESTRIAN,656285.07,4002995.314,24121
199,POINT (-115.13694027880402 36.15890489322041),INJURY CRASH,CLARK,1/6/17 0:00,2017,1899/12/30 00:00:00,SR159,5,W,MARYLAND PKWY,CLEAR,0,1,,A,ANGLE,1,UTILITY,E,42,0,TURNING LEFT,APPARENTLY NORMAL,,,,PEDESTRIAN,,,0,0,,,,,,,,"FAILURE TO OBEY TRAFFIC SIGNS, SIGNALS, OR OFFICER",DRY,DAYLIGHT,NONE,LVMPD,2354588,PEDESTRIAN,667584.6875,4003181.5,24110
200,POINT (-115.26923621345388 36.18870508765472),FATAL CRASH,CLARK,1/20/17 0:00,2017,1899/12/30 00:00:00,VEGAS DR,9,E,N CIMMARON RD,RAIN,1,0,,K,NON-COLLISION,1,"SEDAN, 4 DOOR",E,71,1,GOING STRAIGHT,APPARENTLY NORMAL,,FAILED TO YIELD RIGHT OF WAY: DRIVING TOO FAST FOR CONDITIONS,,PEDESTRIAN: NOT REPORTED,,,0,0,,,,,,,,UNKNOWN,DRY,DARK - SPOT LIGHTING,"WET, ICY, SNOW, SLUSH",LVMP,2373166,PEDESTRIAN,655624.3819,4006267.034,24420
201,POINT (-115.136867389424 36.17480127125146),INJURY CRASH,CLARK,2/9/17 0:00,2017,1899/12/30 00:00:00,E BONANZA RD,45,E,LAS VEGAS BLVD,CLEAR,0,1,,C,NON-COLLISION,1,CARRY-ALL,W,43,2,STOPPED,APPARENTLY NORMAL,,,,PEDESTRIAN,,,0,0,,,,,,,,DARTING: IMPROPER CROSSING,DRY,DAYLIGHT,NONE,LVMPD,2362102,PEDESTRIAN,667557.3915,4004945.101,24110
202,POINT (-115.24478339139056 36.203384389606235),INJURY CRASH,CLARK,4/21/17 0:00,2017,1899/12/30 00:00:00,SMOKE RANCH RD,600,E,ROCK SPRINGS DR,CLEAR,0,1,,B,NON-COLLISION,1,CARRY-ALL,E,40,2,GOING STRAIGHT,APPARENTLY NORMAL,,,,PEDESTRIAN,,,0,0,,,,,,,,DARTING,DRY,DAYLIGHT,NONE,LVMPD,2374541,PEDESTRIAN,657793.8354,4007934.979,24420
203,POINT (-115.13996993448393 36.18144106168052),INJURY CRASH,CLARK,11/22/17 0:00,2017,1899/12/30 00:00:00,N MAIN ST,108,N,SR578,CLEAR,0,1,,A,NON-COLLISION,2,PALLET,N,35,1,GOING STRAIGHT,APPARENTLY NORMAL,,,,PEDESTRIAN,SEDAN,S,22,1,GOING STRAIGHT,APPARENTLY NORMAL,,,,OTHER MOVABLE OBJECT,,FAILURE TO YIELD RIGHT OF WAY: IMPROPER CROSSING,DRY,DUSK,NONE,LVMPD,2407749,PEDESTRIAN,667264.2194,4005676.338,24110
204,POINT (-115.15454740048804 36.14792545029402),INJURY CRASH,CLARK,5/7/17 0:00,2017,1899/12/30 00:00:00,LAS VEGAS BLVD,139,S,S MAIN ST,CLEAR,0,1,,B,NON-COLLISION,1,,S,0,2,GOING STRAIGHT,,,HIT AND RUN,,PEDESTRIAN,,,0,0,,,,,,,,DARTING: IMPROPER CROSSING,DRY,DARK - CONTINUOUS LIGHTING,NONE,LVMPD,2375427,PEDESTRIAN,666023.8874,4001933.238,24113
205,POINT (-115.11608888320684 36.186481693876395),INJURY CRASH,CLARK,7/22/17 0:00,2017,1899/12/30 00:00:00,EASTERN AVE,21,S,HINKLE DR,CLEAR,0,1,,A,NON-COLLISION,1,,N,0,3,GOING STRAIGHT,,,FAILED TO YIELD RIGHT OF WAY: HIT AND RUN,,PEDESTRIAN,,,0,0,,,,,,,,UNKNOWN,DRY,DARK - CONTINUOUS LIGHTING,NONE,LVMPD,2389002,PEDESTRIAN,669401.1121,4006276.968,24110
206,POINT (-115.21043004277799 36.166025140406674),INJURY CRASH,CLARK,11/30/17 0:00,2017,1899/12/30 00:00:00,ALTA DR,0,,BRUSH ST,CLEAR,0,1,,B,NON-COLLISION,1,PICKUP,W,43,0,TURNING LEFT,APPARENTLY NORMAL,,,,PEDESTRIAN,,,0,0,,,,,,,,DARTING: NOT VISIBLE (DARK CLOTHING),DRY,DARK - CONTINUOUS LIGHTING,NONE,LVMPD,2408144,PEDESTRIAN,660958.9512,4003846.999,24115
207,POINT (-115.13471773240296 36.169505382690375),INJURY CRASH,CLARK,4/7/17 0:00,2017,1899/12/30 00:00:00,N 9TH ST,4,W,STEWART AVE,CLEAR,0,1,,C,NON-COLLISION,1,"SEDAN, 2 DOOR",N,33,1,TURNING LEFT,APPARENTLY NORMAL,,FAILED TO YIELD RIGHT OF WAY,,PEDESTRIAN,,,0,0,,,,,,,,UNKNOWN,DRY,DARK - SPOT LIGHTING,NONE,LVMPD,2373797,PEDESTRIAN,667762.0305,4004361.312,24110
208,POINT (-115.2555153481034 36.18871336849185),INJURY CRASH,CLARK,10/7/17 0:00,2017,1899/12/30 00:00:00,VEGAS DR,0,,N PIONEER WAY,CLEAR,0,1,,C,ANGLE,1,"SEDAN, 4 DOOR",E,57,0,GOING STRAIGHT,APPARENTLY NORMAL: OBSTRUCTED VIEW,,VISIBILITY OBSTRUCTED,,PEDESTRIAN,,,0,0,,,,,,,,OTHER,DRY,DAYLIGHT,GLARE,LVMPD,2393148,PEDESTRIAN,656858.2148,4006290.054,24420
209,POINT (-115.16079587212731 36.17746419049846),INJURY CRASH,CLARK,7/6/17 0:00,2017,1899/12/30 00:00:00,MARTIN L KING BLVD,187,N,SR579,CLEAR,0,1,,A,NON-COLLISION,1,PICKUP,S,28,0,GOING STRAIGHT,APPARENTLY NORMAL,,,,PEDESTRIAN,,,0,0,,,,,,,,FAILURE TO YIELD RIGHT OF WAY: DARTING,DRY,DAYLIGHT,NONE,LVMPD,2378393,PEDESTRIAN,665399.6008,4005199.456,24114
210,POINT (-115.25134997726578 36.199606100583374),INJURY CRASH,CLARK,4/6/17 0:00,2017,1899/12/30 00:00:00,N TENAYA WAY,3,N,EUGENE AVE,CLEAR,0,1,,A,NON-COLLISION,1,"SEDAN, 4 DOOR",E,60,2,GOING STRAIGHT,APPARENTLY NORMAL,,FAILED TO YIELD RIGHT OF WAY,,PEDESTRIAN,,,0,0,,,,,,,,UNKNOWN,DRY,DAYLIGHT,NONE,LVMPD,2373710,PEDESTRIAN,657211.0016,4007505.172,24420
211,POINT (-115.24203608693618 36.1664270826649),INJURY CRASH,CLARK,7/6/17 0:00,2017,1899/12/30 00:00:00,ALTA DR,8,E,LORENZI ST,CLEAR,0,1,,C,NON-COLLISION,1,"SEDAN, 4 DOOR",E,41,1,GOING STRAIGHT,APPARENTLY NORMAL,,FAILED TO YIELD RIGHT OF WAY,,PEDESTRIAN,,,0,0,,,,,,,,UNKNOWN,DRY,DAYLIGHT,NONE,LVMPD,2378412,SKATER,658115.1316,4003839.631,24115
212,POINT (-115.3019117874505 36.286748932171584),INJURY CRASH,CLARK,5/30/17 0:00,2017,1899/12/30 00:00:00,HILLSIDE VIEW CT,160,W,N TEE PEE LN,CLEAR,0,1,,B,ANGLE,1,CARRY-ALL,,0,0,BACKING UP,,,,,PEDAL CYCLE: RAN OFF ROAD RIGHT: FENCE/WALL: TREE/SHRUB,,,0,0,,,,,,,,OTHER,DRY,DAYLIGHT,NONE,LVMPD,2376623,PEDESTRIAN,652495.4336,4017091.484,24761
213,POINT (-115.27114658141996 36.15910854481792),FATAL CRASH,CLARK,1/10/17 0:00,2017,1899/12/30 00:00:00,SR159,0,,S CIMARRON RD,CLEAR,1,0,,K,NON-COLLISION,1,CONVERTIBLE,E,26,1,GOING STRAIGHT,APPARENTLY NORMAL,,,,PEDESTRIAN,,,0,0,,,,,,,,"FAILURE TO OBEY TRAFFIC SIGNS, SIGNALS, OR OFFICER: UNKNOWN",DRY,DARK - CONTINUOUS LIGHTING,NONE,LVMP,2373159,WHEELCHAIR,655511.0845,4002980.729,24121
214,POINT (-115.13402809379258 36.188221915792276),INJURY CRASH,CLARK,1/1/17 0:00,2017,1899/12/30 00:00:00,LAS VEGAS BLVD,25,S,OWENS AVE,CLEAR,0,1,,A,NON-COLLISION,1,"HATCHBACK, 2 DOOR",S,23,1,GOING STRAIGHT,APPARENTLY NORMAL,,,,PEDESTRIAN,,,0,0,,,,,,,,LYING AND/OR ILLEGALLY IN ROADWAY: IMPROPER CROSSING: DARTING,DRY,DARK - CONTINUOUS LIGHTING,NONE,LVMPD,2354401,PEDESTRIAN,667784.1315,4006438.84,24110
215,POINT (-115.27628462293247 36.210181470766464),INJURY CRASH,CLARK,10/17/17 0:00,2017,1899/12/30 00:00:00,HARBOR ISLAND DR,70,S,PORT OF CALL DR,CLEAR,0,1,,C,NON-COLLISION,1,,S,0,0,GOING STRAIGHT,,,HIT AND RUN,,PEDESTRIAN,,,0,0,,,,,,,,UNKNOWN,DRY,DAYLIGHT,NONE,LVMPD,2405714,PEDESTRIAN,654948.2105,4008638.202,24420
216,POINT (-115.16077874131366 36.17583725510032),INJURY CRASH,CLARK,11/20/17 0:00,2017,1899/12/30 00:00:00,MARTIN L KING BLVD,0,,US95 NB MLK ON RAMP,CLEAR,0,2,,C,ANGLE,2,CARRY-ALL,S,32,0,GOING STRAIGHT,APPARENTLY NORMAL,,"DISREGARDED TRAFFIC SIGNS, SIGNALS, ROAD MARKINGS",,PEDESTRIAN: PEDESTRIAN,PICKUP,N,48,0,GOING STRAIGHT,APPARENTLY NORMAL,,,,,,UNKNOWN,WET,DAYLIGHT,NONE,NHP,2415729,PEDESTRIAN,665404.5625,4005019,24114
217,POINT (-115.17776129575249 36.15890795899423),INJURY CRASH,CLARK,12/17/17 0:00,2017,1899/12/30 00:00:00,SR159,8,E,SHETLAND RD,CLEAR,0,1,,B,NON-COLLISION,1,"HATCHBACK, 4 DOOR",W,63,2,GOING STRAIGHT,APPARENTLY NORMAL,,FAILED TO YIELD RIGHT OF WAY,,PEDESTRIAN,,,0,0,,,,,,,,UNKNOWN,DRY,DARK - CONTINUOUS LIGHTING,NONE,LVMPD,2409108,PEDESTRIAN,663912.393,4003112.133,24111
218,POINT (-115.19078365992756 36.14441155852776),INJURY CRASH,CLARK,1/7/17 0:00,2017,1899/12/30 00:00:00,SR589,3,E,S VALLEY VIEW BLVD,CLEAR,0,1,,B,NON-COLLISION,1,PICKUP,N,47,3,TURNING RIGHT,DRUG INVOLVEMENT,,FAILED TO YIELD RIGHT OF WAY,,PEDESTRIAN,,,0,0,,,,,,,,UNKNOWN,DRY,DARK - CONTINUOUS LIGHTING,NONE,LVMPD,2354617,PEDESTRIAN,662770.8637,4001482.071,24111
219,POINT (-115.11580299168887 36.164400420581586),FATAL CRASH,CLARK,3/12/17 0:00,2017,1899/12/30 00:00:00,EASTERN AVE,0,,E OGDEN AVE,CLEAR,1,0,,K,NON-COLLISION,1,"SEDAN, 4 DOOR",S,67,0,GOING STRAIGHT,APPARENTLY NORMAL,,,,PEDESTRIAN,,,0,0,,,,,,,,IMPROPER CROSSING: UNKNOWN,DRY,DARK - CONTINUOUS LIGHTING,NONE,LVMP,2363833,PEDESTRIAN,669474.3889,4003827.854,24110
220,POINT (-115.16083835989294 36.18831947783024),INJURY CRASH,CLARK,9/28/17 0:00,2017,1899/12/30 00:00:00,MARTIN L KING BLVD,5,N,VEGAS DR,CLEAR,0,1,,C,NON-COLLISION,1,VAN,W,49,3,TURNING RIGHT,APPARENTLY NORMAL,,FAILED TO YIELD RIGHT OF WAY,,OTHER NON-COLLISION: PEDESTRIAN,,,0,0,,,,,,,,UNKNOWN,DRY,DAYLIGHT,NONE,LVMPD,2392677,PEDESTRIAN,665372.9508,4006403.62,24114
221,POINT (-115.15864716519455 36.147360260864076),INJURY CRASH,CLARK,6/3/17 0:00,2017,1899/12/30 00:00:00,W BOSTON AVE,0,,FAIRFIELD AVE,CLEAR,0,1,,B,ANGLE,1,,,0,0,UNKNOWN,,,HIT AND RUN,,PEDESTRIAN,,,0,0,,,,,,,,"INATTENTIVE (TALKING, EATING, ETC.)",DRY,DARK - CONTINUOUS LIGHTING,NONE,LVMPD,2376854,PEDESTRIAN,665656.2071,4001863.536,24111
222,POINT (-115.1370056367815 36.14778154627684),INJURY CRASH,CLARK,3/29/17 0:00,2017,1899/12/30 00:00:00,MARYLAND PKWY,4,S,E ST LOUIS AVE,CLEAR,0,1,,B,NON-COLLISION,1,"SEDAN, 4 DOOR",N,60,3,GOING STRAIGHT,APPARENTLY NORMAL,,,,PEDESTRIAN,,,0,0,,,,,,,,"DARTING: FAILURE TO OBEY TRAFFIC SIGNS, SIGNALS, OR OFFICER",DRY,DAYLIGHT,NONE,LVMPD,2373275,PEDESTRIAN,667602.4868,4001947.414,24113
223,POINT (-115.28782532338565 36.290182709893514),INJURY CRASH,CLARK,11/14/17 0:00,2017,1899/12/30 00:00:00,N DURANGO DR,581,S,ELKHORN RD,CLEAR,0,2,,C,NON-COLLISION,1,CARRY-ALL,W,0,1,TURNING RIGHT,APPARENTLY NORMAL,,FAILED TO YIELD RIGHT OF WAY,,PEDESTRIAN,,,0,0,,,,,,,,UNKNOWN,DRY,DARK - UNKNOWN LIGHTING,NONE,LVMPD,2407311,PEDESTRIAN,653753.8312,4017494.699,24761
224,POINT (-115.19038044771446 36.13385054265545),INJURY CRASH,CLARK,12/5/17 0:00,2017,1899/12/30 00:00:00,S VALLEY VIEW BLVD,20,N,SIRIUS AVE,CLEAR,0,1,,B,NON-COLLISION,1,"SEDAN, 4 DOOR",E,64,2,TURNING LEFT,APPARENTLY NORMAL,,UNKNOWN,,PEDESTRIAN,,,0,0,,,,,,,,UNKNOWN,DRY,DARK - CONTINUOUS LIGHTING,NONE,LVMPD,2408451,PEDESTRIAN,662828.9732,4000311.169,24111
225,POINT (-115.22503505219794 36.14424468601176),INJURY CRASH,CLARK,5/1/17 0:00,2017,1899/12/30 00:00:00,SR589,75,E,SR596,CLEAR,0,1,,C,ANGLE,1,"SEDAN, 4 DOOR",N,33,0,GOING STRAIGHT,APPARENTLY NORMAL,,FAILED TO YIELD RIGHT OF WAY,,PEDESTRIAN,,,0,0,,,,,,,,UNKNOWN,DRY,DARK - SPOT LIGHTING,NONE,LVMPD,2375104,PEDESTRIAN,659689.3809,4001406.686,24758
226,POINT (-115.2540443378114 36.159128065381374),FATAL CRASH,CLARK,12/2/17 0:00,2017,1899/12/30 00:00:00,SR159,203,E,PLANTATION CT,CLEAR,1,0,,K,NON-COLLISION,2,"SEDAN, 4 DOOR",E,39,2,GOING STRAIGHT,APPARENTLY NORMAL,,,,PEDESTRIAN,,E,0,2,GOING STRAIGHT,,,HIT AND RUN,,PEDESTRIAN,,UNKNOWN: DARTING,DRY,DARK - SPOT LIGHTING,NONE,LVMP,2408270,PEDESTRIAN,657049.5446,4003010.429,24121
227,POINT (-115.14553717220775 36.16835558697825),INJURY CRASH,CLARK,1/19/17 0:00,2017,1899/12/30 00:00:00,BRIDGER AVE,9,N,S CASINO CENTER BLVD,CLOUDY,0,1,,B,ANGLE,1,PICKUP,E,24,2,TURNING LEFT,APPARENTLY NORMAL,,FAILED TO YIELD RIGHT OF WAY,,PEDESTRIAN,,,0,0,,,,,,,,UNKNOWN,DRY,DAYLIGHT,NONE,LVMPD,2355241,PEDESTRIAN,666791.2716,4004215.108,24110
228,POINT (-115.14751483643924 36.15871455173473),INJURY CRASH,CLARK,2/7/17 0:00,2017,1899/12/30 00:00:00,LAS VEGAS BLVD,0,,SR159,CLEAR,0,1,,A,NON-COLLISION,1,,N,0,0,GOING STRAIGHT,,,FAILED TO YIELD RIGHT OF WAY: HIT AND RUN,,PEDESTRIAN,,,0,0,,,,,,,,UNKNOWN,DRY,DARK - CONTINUOUS LIGHTING,NONE,LVMPD,2362013,PEDESTRIAN,666633.7932,4003142.179,24113
229,POINT (-115.28025914728669 36.158908181386685),INJURY CRASH,CLARK,8/26/17 0:00,2017,1899/12/30 00:00:00,S DURANGO DR,0,,SR159,CLEAR,0,4,,B,ANGLE,3,"SEDAN, 4 DOOR",N,19,0,TURNING LEFT,APPARENTLY NORMAL,,FAILED TO YIELD RIGHT OF WAY,,,"SEDAN, 2 DOOR",S,29,0,GOING STRAIGHT,APPARENTLY NORMAL,,UNKNOWN,,SLOW/STOPPED VEHICLE,,UNKNOWN,DRY,DUSK,NONE,LVMPD,2390870,PEDESTRIAN,654691.7235,4002943.941,24121
230,POINT (-115.14141614192125 36.168069069230164),INJURY CRASH,CLARK,10/13/17 0:00,2017,1899/12/30 00:00:00,E CARSON AVE,0,,S LAS VEGAS BLVD,CLEAR,0,1,,C,NON-COLLISION,1,"HATCHBACK, 2 DOOR",W,52,0,TURNING RIGHT,APPARENTLY NORMAL,,UNKNOWN,,PEDESTRIAN: PEDESTRIAN,,,0,0,,,,,,,,UNKNOWN,DRY,DAYLIGHT,NONE,LVMPD,2405563,PEDESTRIAN,667162.5675,4004190.414,24110
231,POINT (-115.22249080852947 36.18460504942542),INJURY CRASH,CLARK,11/7/17 0:00,2017,1899/12/30 00:00:00,CARMEN BLVD,115,E,N MALLARD ST,CLEAR,0,1,,C,ANGLE,1,SEDAN,,0,1,LEAVING PARK POSITION,,,,,PEDESTRIAN,,,0,0,,,,,,,,IMPROPER CROSSING,DRY,DAYLIGHT,NONE,CLSD,2404919,PEDESTRIAN,659836.3096,4005888.21,24116
232,POINT (-115.14016689753035 36.158879352837474),INJURY CRASH,CLARK,2/23/17 0:00,2017,1899/12/30 00:00:00,S 10TH ST E,0,,SR159,CLEAR,0,1,,B,NON-COLLISION,1,CARRY-ALL,S,61,0,TURNING RIGHT,,,FAILED TO YIELD RIGHT OF WAY: HIT AND RUN,,PEDESTRIAN,,,0,0,,,,,,,,UNKNOWN,DRY,DAYLIGHT,NONE,LVMPD,2362834,PEDESTRIAN,667294.4719,4003173.101,24113
233,POINT (-115.30238987941496 36.144414366643396),INJURY CRASH,CLARK,7/14/17 0:00,2017,1899/12/30 00:00:00,SAHARA AVE,3,N,VILLAGE SQUARE CENTER,CLEAR,0,1,,C,NON-COLLISION,1,"HARDTOP, 4 DOOR",S,17,0,GOING STRAIGHT,INATTENTION/DISTRACTED,OTHER,FAILED TO YIELD RIGHT OF WAY,,PEDESTRIAN,,,0,0,,,,,,,,UNKNOWN,DRY,DAYLIGHT,NONE,LVMPD,2388592,PEDESTRIAN,652728.9825,4001301.067,24121
234,POINT (-115.29735875203323 36.13743324570655),INJURY CRASH,CLARK,9/5/17 0:00,2017,1899/12/30 00:00:00,FORT APACHE RD,0,,MARINER COVE DR,CLEAR,0,1,,A,NON-COLLISION,1,"SEDAN, 4 DOOR",S,46,0,GOING STRAIGHT,OTHER IMPROPER DRIVING,,"FAILED TO YIELD RIGHT OF WAY: DISREGARDED TRAFFIC SIGNS, SIGNALS, ROAD MARKINGS",,PEDESTRIAN,,,0,0,,,,,,,,UNKNOWN,DRY,DAYLIGHT,NONE,LVMPD,2391352,PEDESTRIAN,653195.2358,4000534.56,24121
235,POINT (-115.13692456098195 36.15890489320953),INJURY CRASH,CLARK,1/25/17 0:00,2017,1899/12/30 00:00:00,SR159,0,,MARYLAND PKWY,CLEAR,0,1,,B,NON-COLLISION,1,VAN,E,59,3,GOING STRAIGHT,APPARENTLY NORMAL,,,,PEDESTRIAN,,,0,0,,,,,,,,IMPROPER CROSSING: DARTING,DRY,DARK - CONTINUOUS LIGHTING,NONE,LVMPD,2355624,PEDESTRIAN,667586.1015,4003181.527,24110
236,POINT (-115.31413393091458 36.19470414838001),INJURY CRASH,CLARK,4/9/17 0:00,2017,1899/12/30 00:00:00,CRESTDALE LN,0,,TRAILWOOD DR,CLEAR,0,1,,B,ANGLE,1,"SEDAN, 4 DOOR",W,87,0,GOING STRAIGHT,APPARENTLY NORMAL,,FAILED TO YIELD RIGHT OF WAY,,PEDAL CYCLE,,,0,0,,,,,,,,UNKNOWN,DRY,DAYLIGHT,NONE,LVMPD,2373864,PEDESTRIAN,651575.4056,4006861.429,24424
237,POINT (-115.23848624848013 36.203305067409225),INJURY CRASH,CLARK,12/14/17 0:00,2017,1899/12/30 00:00:00,SMOKE RANCH RD,38,E,AVERY DR,CLEAR,0,1,,A,NON-COLLISION,1,PICKUP,E,53,1,GOING STRAIGHT,APPARENTLY NORMAL,,,,PEDESTRIAN,,,0,0,,,,,,,,DARTING: IMPROPER CROSSING,DRY,DARK - CONTINUOUS LIGHTING,NONE,LVMPD,2408963,PEDESTRIAN,658360.1622,4007936.445,24116
238,POINT (-115.28783185183474 36.28608178213574),FATAL CRASH,CLARK,7/14/17 0:00,2017,1899/12/30 00:00:00,N DURANGO DR,10,S,HITT CENTER CT,CLEAR,1,0,,K,NON-COLLISION,1,"HARDTOP, 2 DOOR",S,22,2,GOING STRAIGHT,APPARENTLY NORMAL,,,,PEDESTRIAN,,,0,0,,,,,,,,IMPROPER CROSSING: FAILURE TO YIELD RIGHT OF WAY: UNKNOWN,DRY,DARK - CONTINUOUS LIGHTING,NONE,LVMP,2388570,PEDESTRIAN,653761.2934,4017039.753,24761
239,POINT (-115.15867373998391 36.16887597438019),INJURY CRASH,CLARK,11/11/17 0:00,2017,1899/12/30 00:00:00,IR15N,200,S,IR15N TO US95S INT42B,CLEAR,0,1,,A,UNKNOWN,1,,,0,0,UNKNOWN,,,,,,,,0,0,,,,,,,,UNKNOWN,DRY,DARK - SPOT LIGHTING,NONE,NHP,2415115,PEDESTRIAN,665608.5422,4004250.339,24114
240,POINT (-115.19928058852739 36.13375471663927),INJURY CRASH,CLARK,10/5/17 0:00,2017,1899/12/30 00:00:00,ARVILLE ST,40,N,SIRIUS AVE,CLEAR,0,2,,A,NON-COLLISION,1,"SEDAN, 4 DOOR",N,21,2,GOING STRAIGHT,,,HIT AND RUN,,PEDESTRIAN,,,0,0,,,,,,,,UNKNOWN,DRY,DARK - NO LIGHTING,NONE,LVMPD,2405463,PEDESTRIAN,662028.2573,4000285.654,24111
241,POINT (-115.10773083645613 36.18835193232946),INJURY CRASH,CLARK,4/21/17 0:00,2017,1899/12/30 00:00:00,OWENS AVE,0,,STATZ ST,CLEAR,0,4,,B,ANGLE,2,"SEDAN, 4 DOOR",E,14,0,TURNING LEFT,,,FAILED TO YIELD RIGHT OF WAY,,,UTILITY,W,50,0,GOING STRAIGHT,,,,,,,UNKNOWN,DRY,DAYLIGHT,NONE,NLPD,2384789,PEDESTRIAN,670148.703,4006499.075,23777
242,POINT (-115.13116327395242 36.1680741765554),INJURY CRASH,CLARK,12/12/17 0:00,2017,1899/12/30 00:00:00,N MARYLAND PKWY,20,S,STEWART AVE,CLEAR,0,1,,C,NON-COLLISION,1,PICKUP,W,37,3,TURNING LEFT,APPARENTLY NORMAL,,,,PEDESTRIAN,,,0,0,,,,,,,,IMPROPER CROSSING,DRY,DAYLIGHT,NONE,LVMPD,2408807,PEDESTRIAN,668084.8078,4004208.691,24110
243,POINT (-115.20602497628404 36.19340030212035),INJURY CRASH,CLARK,8/18/17 0:00,2017,1899/12/30 00:00:00,N DECATUR BLVD,209,S,CONCORD VILLAGE DR,CLEAR,0,1,,B,NON-COLLISION,1,,S,0,3,GOING STRAIGHT,,,FAILURE TO KEEP IN PROPER LANE OR RUNNING OFF ROAD: HIT AND RUN: UNSAFE LANE CHANGE,,PEDESTRIAN,,,0,0,,,,,,,,UNKNOWN,DRY,DAYLIGHT,NONE,LVMPD,2390373,PEDESTRIAN,661299.0451,4006891.165,24116
244,POINT (-115.27895705017578 36.140990312790464),INJURY CRASH,CLARK,1/11/17 0:00,2017,1899/12/30 00:00:00,S DURANGO DR,250,N,ELDORA AVE,CLEAR,0,1,,C,NON-COLLISION,1,"SEDAN, 4 DOOR",W,37,2,TURNING RIGHT,APPARENTLY NORMAL,,FAILED TO YIELD RIGHT OF WAY,,PEDESTRIAN,,,0,0,,,,,,,,UNKNOWN,DRY,DAYLIGHT,NONE,LVMPD,2361789,PEDESTRIAN,654844.0898,4000958.339,24121
245,POINT (-115.14727342307496 36.18973767555826),INJURY CRASH,CLARK,11/3/17 0:00,2017,1899/12/30 00:00:00,D ST,100,N,LEONARD AVE,CLEAR,0,2,,C,UNKNOWN,3,"SEDAN, 4 DOOR",S,28,1,UNKNOWN,,,HIT AND RUN,,FENCE/WALL: PEDESTRIAN,"SEDAN, 4 DOOR",S,28,1,GOING STRAIGHT,APPARENTLY NORMAL,,UNKNOWN,,SLOW/STOPPED VEHICLE,,UNKNOWN,DRY,DAYLIGHT,,LVMPD,2406657,PEDESTRIAN,666589.8014,4006584.162,24114
246,POINT (-115.15830115235995 36.14554231170244),INJURY CRASH,CLARK,3/6/17 0:00,2017,1899/12/30 00:00:00,W CLEVELAND AVE,0,,FAIRFIELD AVE,CLEAR,0,1,,B,NON-COLLISION,1,"SEDAN, 4 DOOR",N,83,0,GOING STRAIGHT,APPARENTLY NORMAL,,UNKNOWN,,PEDESTRIAN,,,0,0,,,,,,,,IMPROPER CROSSING,DRY,DARK - SPOT LIGHTING,NONE,LVMPD,2363469,PEDESTRIAN,665691.1643,4001662.452,24113
247,POINT (-115.19020076644306 36.133788180840924),INJURY CRASH,CLARK,9/9/17 0:00,2017,1899/12/30 00:00:00,SIRIUS AVE,52,E,S VALLEY VIEW BLVD,CLOUDY,0,2,,B,NON-COLLISION,1,"SEDAN, 2 DOOR",S,31,0,BACKING UP,DRUG INVOLVEMENT,,"FAILURE TO KEEP IN PROPER LANE OR RUNNING OFF ROAD: OPERATING VEHICLE IN ERRATIC, RECKLESS, CARELESS, NEGLIGENT OR  AGGRESSIVE MANNER: HIT AND RUN: UNSAFE LANE CHANGE",,OTHER NON-COLLISION: PEDESTRIAN: PEDESTRIAN: UTILITY POLE: TREE/SHRUB,,,0,0,,,,,,,,UNKNOWN,DRY,DAYLIGHT,NONE,LVMPD,2391579,PEDESTRIAN,662845.2714,4000304.553,24111
248,POINT (-115.14413738450439 36.17058360727127),INJURY CRASH,CLARK,7/23/17 0:00,2017,1899/12/30 00:00:00,S CASINO CENTER BLVD,0,,FREMONT ST,CLEAR,0,1,,C,NON-COLLISION,1,CARRY-ALL,S,61,0,GOING STRAIGHT,APPARENTLY NORMAL,,,,PEDESTRIAN,,,0,0,,,,,,,,IMPROPER CROSSING,WET,DARK - CONTINUOUS LIGHTING,NONE,LVMPD,2389057,PEDESTRIAN,666912.4561,4004464.682,24110
249,POINT (-115.13044571065961 36.164851085250696),INJURY CRASH,CLARK,5/13/17 0:00,2017,1899/12/30 00:00:00,SR582,43,W,N 14TH ST,CLEAR,0,1,,B,NON-COLLISION,1,PICKUP,E,53,1,GOING STRAIGHT,APPARENTLY NORMAL,,,,PEDESTRIAN,,,0,0,,,,,,,,IMPROPER CROSSING,DRY,DARK - CONTINUOUS LIGHTING,NONE,LVMPD,2375821,PEDESTRIAN,668156.2406,4003852.378,24110
250,POINT (-115.23764161607764 36.19897672323342),FATAL CRASH,CLARK,9/5/17 0:00,2017,1899/12/30 00:00:00,JAMES BILBRAY DR,175,S,BALZAR AVE,CLOUDY,1,0,,K,NON-COLLISION,1,PICKUP,W,26,1,TURNING LEFT,APPARENTLY NORMAL,,,,PEDESTRIAN,,,0,0,,,,,,,,NOT VISIBLE (DARK CLOTHING): UNKNOWN: IMPROPER CROSSING,DRY,DAYLIGHT,NONE,LVMP,2391353,PEDESTRIAN,658444.8279,4007457.663,24116
251,POINT (-115.08037063666029 36.180697716042076),INJURY CRASH,CLARK,6/29/17 0:00,2017,1899/12/30 00:00:00,LAMB BLVD,5,S,E WASHINGTON AVE,CLEAR,0,1,,B,NON-COLLISION,1,CARRY-ALL,E,67,3,TURNING RIGHT,APPARENTLY NORMAL,,FAILED TO YIELD RIGHT OF WAY,,PEDESTRIAN,,,0,0,,,,,,,,UNKNOWN,DRY,DAYLIGHT,NONE,LVMPD,2378112,PEDESTRIAN,672625.9539,4005698.282,24118
252,POINT (-115.1058104558322 36.17365326296139),INJURY CRASH,CLARK,12/12/17 0:00,2017,1899/12/30 00:00:00,E BONANZA RD,0,,N MOJAVE RD,CLEAR,0,1,,C,ANGLE,1,VAN,W,44,0,TURNING LEFT,APPARENTLY NORMAL,,,,,,,0,0,,,,,,,,FAILURE TO YIELD RIGHT OF WAY,DRY,DAYLIGHT,NONE,LVMPD,2408832,PEDESTRIAN,670353.2343,4004871.826,24110
253,POINT (-115.06231826547662 36.1590426799195),INJURY CRASH,CLARK,10/22/17 0:00,2017,1899/12/30 00:00:00,SR159,8,W,N NELLIS BLVD,CLEAR,0,2,,B,NON-COLLISION,1,"HARDTOP, 4 DOOR",E,39,3,TURNING RIGHT,APPARENTLY NORMAL,,FAILED TO YIELD RIGHT OF WAY,,PEDESTRIAN,,,0,0,,,,,,,,UNKNOWN,DRY,DUSK,NONE,LVMPD,2405948,PEDESTRIAN,674297.5001,4003328.209,24429
254,POINT (-115.32972921149563 36.22534297964255),INJURY CRASH,CLARK,11/7/17 0:00,2017,1899/12/30 00:00:00,NOVAT ST,35,S,W GOWAN RD,CLEAR,0,1,,B,NON-COLLISION,1,"SEDAN, 4 DOOR",S,35,1,GOING STRAIGHT,APPARENTLY NORMAL,,,,PEDESTRIAN,,,0,0,,,,,,,,IMPROPER CROSSING,DRY,DAYLIGHT,NONE,LVMPD,2406880,PEDESTRIAN,650114.5703,4010236.022,24421
255,POINT (-115.11724881080801 36.15750805729774),INJURY CRASH,CLARK,11/28/17 0:00,2017,1899/12/30 00:00:00,EASTWOOD DR,80,S,BALLARD DR,CLEAR,0,1,,B,ANGLE,2,PICKUP,S,0,1,NOT REPORTED,,,FAILURE TO KEEP IN PROPER LANE OR RUNNING OFF ROAD: UNSAFE LANE CHANGE,,PEDESTRIAN: PARKED MOTOR VEHICLE,PICKUP,,0,1,PARKED,,,,,,,UNKNOWN,DRY,DARK - CONTINUOUS LIGHTING,NONE,LVMPD,2408025,PEDESTRIAN,669359.1609,4003060.719,24113
256,POINT (-115.14073383467101 36.16911420159214),INJURY CRASH,CLARK,4/18/17 0:00,2017,1899/12/30 00:00:00,LAS VEGAS BLVD,0,,FREMONT ST,CLEAR,0,1,,C,NON-COLLISION,1,"SEDAN, 4 DOOR",W,0,0,TURNING RIGHT,APPARENTLY NORMAL,,FAILED TO YIELD RIGHT OF WAY: HIT AND RUN,,,,,0,0,,,,,,,,UNKNOWN,DRY,DARK - CONTINUOUS LIGHTING,NONE,LVMPD,2374371,PEDESTRIAN,667221.7201,4004307.532,24110
257,POINT (-115.06214175436058 36.164489144773235),INJURY CRASH,CLARK,9/19/17 0:00,2017,1899/12/30 00:00:00,SR612,685,S,STEWART AVE,CLOUDY,0,1,,A,NON-COLLISION,1,"SEDAN, 4 DOOR",E,42,0,NOT REPORTED,APPARENTLY NORMAL,,UNKNOWN,,PEDESTRIAN,,,0,0,,,,,,,,UNKNOWN,DRY,DAYLIGHT,NONE,LVMPD,2392110,PEDESTRIAN,674301.3163,4003932.741,24118
258,POINT (-115.16075701103233 36.158897648592614),INJURY CRASH,CLARK,1/23/17 0:00,2017,1899/12/30 00:00:00,SR159,20,E,MARTIN L KING BLVD,CLOUDY,0,1,,C,REAR-END,2,"SEDAN, 4 DOOR",E,19,2,GOING STRAIGHT,HAD BEEN DRINKING,,EXCEEDED AUTHORIZED SPEED LIMIT: DRIVING TOO FAST FOR CONDITIONS,,PARKED MOTOR VEHICLE: PEDESTRIAN: RAN OFF ROAD RIGHT,CARRY-ALL,,0,2,PARKED,,,,,,,UNKNOWN,DRY,DARK - SPOT LIGHTING,"WET, ICY, SNOW, SLUSH",NHP,2359076,PEDESTRIAN,665442.1292,4003139.838,24111
259,POINT (-115.17773885758886 36.14432505021604),INJURY CRASH,CLARK,7/4/17 0:00,2017,1899/12/30 00:00:00,SR589,50,W,TEDDY DR,CLEAR,0,1,,B,NON-COLLISION,1,CARRY-ALL,E,0,2,GOING STRAIGHT,,,HIT AND RUN,,PEDESTRIAN,,,0,0,,,,,,,,DARTING: FAILURE TO YIELD RIGHT OF WAY,DRY,DARK - SPOT LIGHTING,NONE,LVMPD,2388235,PEDESTRIAN,663944.7745,4001494.421,24111
260,POINT (-115.21114523852245 36.17007184481894),INJURY CRASH,CLARK,2/14/17 0:00,2017,1899/12/30 00:00:00,MEADOWS LN,464,E,MISSION RIDGE DR,CLEAR,0,2,,C,NON-COLLISION,1,"SEDAN, 4 DOOR",W,58,1,GOING STRAIGHT,APPARENTLY NORMAL,,,,PEDESTRIAN,,,0,0,,,,,,,,IMPROPER CROSSING: IMPROPER CROSSING,DRY,DARK - CONTINUOUS LIGHTING,NONE,LVMPD,2362375,PEDESTRIAN,660886.3439,4004294.731,24115
261,POINT (-115.28901955687962 36.288166161841566),INJURY CRASH,CLARK,7/11/17 0:00,2017,1899/12/30 00:00:00,W DORRELL LN,147,E,AARON PAUL ST,CLOUDY,0,2,,B,NON-COLLISION,1,,S,0,1,GOING STRAIGHT,,,HIT AND RUN,,PEDESTRIAN: PEDESTRIAN,,,0,0,,,,,,,,IMPROPER CROSSING: IMPROPER CROSSING,DRY,DARK - SPOT LIGHTING,NONE,LVMPD,2378517,PEDESTRIAN,653650.534,4017269.097,24761